,Unnamed: 0.1,Unnamed: 0,pairID,gold_label,Sentence1,Sentence2,Explanation_1,Sentence1_marked_1,Sentence2_marked_1,Explanation_2,Sentence1_marked_2,Sentence2_marked_2,Explanation_3,Sentence1_marked_3,Sentence2_marked_3,Sentence1_Highlighted_Ordered_1,Sentence2_Highlighted_Ordered_1,Sentence1_Highlighted_Ordered_2,Sentence2_Highlighted_Ordered_2,Sentence1_Highlighted_Ordered_3,Sentence2_Highlighted_Ordered_3,explanation_type,matching_explanations
2,65,65,1257692349.jpg#2r1e,entailment,A group of onlookers glance at a person doing a strange trick on her head.,People watch another person do a trick.,People watch a person doing a strange trick., A group of onlookers glance at a *person* *doing* a *strange* trick on her head., *People* *watch* another person do a *trick.*,"People watch another person ""do a trick"" and that trick is said to be ""strange trick"".", A group of onlookers glance at a person doing a *strange* *trick* on her head., People watch another person do a *trick.*,Group of onlookers is a form of people., A *group* *of* *onlookers* glance at a person doing a strange trick on her head., *People* watch another person do a trick.,"['person', 'doing', 'strange']","['People', 'watch', 'trick.']","['strange', 'trick']",['trick.'],"['group', 'of', 'onlookers']",['People'],classification,3
4,86,86,5777129645.jpg#2r1n,entailment,The two farmers are working on a piece of John Deere equipment.,Men are working on John Deere equipment,The two farmers can also be denoted as men as they work on an equipment., The *two* *farmers* are working on a piece of John Deere equipment., *Men* are *working* on John Deere *equipment*,"Often farmers are men, and they are working on the John Deere equipment.", The two farmers are *working* on a piece of *John* *Deere* *equipment.*, Men are *working* on *John* *Deere* *equipment*,Farmers are a type of men., The two *farmers* are working on a piece of John Deere equipment., *Men* are working on John Deere equipment,"['two', 'farmers']","['Men', 'working', 'equipment']","['working', 'John', 'Deere', 'equipment.']","['working', 'John', 'Deere', 'equipment']",['farmers'],['Men'],classification,3
16,314,314,4916500021.jpg#1r1e,entailment,A man with a beard skateboarding and a boy with a blue and black backpack riding a green bike in the background.,There is a man and a boy outside.,Riding a green bike implies outside., A man with a beard skateboarding and a boy with a blue and black backpack *riding* *a* *green* *bike* in the background., There is a man and a boy *outside.*,"Man with a beard is a type of man, and boy riding bike implies outside.", A *man* *with* *a* *beard* skateboarding and a *boy* with a blue and black backpack *riding* a green *bike* in the background., There is a *man* and a boy *outside.*,to be skateboarding and riding bike you have to be outside, A man with a beard *skateboarding* and a boy with a blue and black backpack *riding* a green *bike* in the background., There is a man and a boy *outside.*,"['riding', 'a', 'green', 'bike']",['outside.'],"['man', 'with', 'a', 'beard', 'boy', 'riding', 'bike']","['man', 'outside.']","['skateboarding', 'riding', 'bike']",['outside.'],classification,2
23,462,462,1229756013.jpg#0r1e,entailment,A dog leaps into the air in a grassy field surrounded by trees.,A dog is in a grassy field filled with trees.,Because a dog is playing in a grassy field where there are many trees., A *dog* leaps into the air in a *grassy* *field* surrounded by *trees.*, A *dog* is in a *grassy* *field* filled with *trees.*,"Dog leaps into the air is a type of dog, and field implies grassy.", A *dog* *leaps* *into* the air in a grassy *field* surrounded by trees., A *dog* is in a *grassy* field filled with trees.,The grassy field is surrounded by trees., A dog leaps into the air in a grassy field *surrounded* *by* *trees.*, A dog is in a *grassy* *field* filled with trees.,"['dog', 'grassy', 'field', 'trees.']","['dog', 'grassy', 'field', 'trees.']","['dog', 'leaps', 'into', 'field']","['dog', 'grassy']","['surrounded', 'by', 'trees.']","['grassy', 'field']",classification,2
25,476,476,366978558.jpg#2r1e,entailment,"A woman is looking into a mirror, brushing her hair.",A woman is brushing her hair.,"A woman is brushing her hair is a rephrasing of ""A woman is looking into a mirror, brushing her hair"""," A *woman* is looking into a mirror, *brushing* her *hair.*", A *woman* is *brushing* her *hair.*,Looking into a mirror brushing hair is the same as brushing hair.," A woman is *looking* *into* a *mirror,* *brushing* her *hair.*", A woman is *brushing* her *hair.*,Woman looking into a mirror is a type of woman.," A *woman* is *looking* *into* *a* *mirror,* brushing her hair.", A *woman* is brushing her hair.,"['woman', 'brushing', 'hair.']","['woman', 'brushing', 'hair.']","['looking', 'into', 'mirror', 'brushing', 'hair.']","['brushing', 'hair.']","['woman', 'looking', 'into', 'a', 'mirror']",['woman'],classification,3
32,610,610,1509542787.jpg#3r1e,entailment,People on a concrete area taking pictures.,people take pictures,People taking pictures is another way of saying people take pictures., *People* on a concrete area *taking* *pictures.*, *people* *take* *pictures*,"In this case, taking pictures is a rephrasing of take pictures.", People on a concrete area *taking* *pictures.*, people *take* *pictures*,people taking pictures is other form of people take pictures, *People* on a concrete area *taking* *pictures.*, *people* *take* *pictures*,"['People', 'taking', 'pictures.']","['people', 'take', 'pictures']","['taking', 'pictures.']","['take', 'pictures']","['People', 'taking', 'pictures.']","['people', 'take', 'pictures']",classification,3
56,1159,1159,7579633346.jpg#4r1e,entailment,A little girl in a purple cap blows soap bubbles.,There are soap bubbles being blown.,"If someone blows, then something is being blown.", A little girl in a purple cap *blows* soap bubbles., There are soap bubbles being *blown.*,"If a little girl blows soap bubbles, there are soap bubbles being blown.", A *little* *girl* in a purple cap *blows* *soap* *bubbles.*, There are soap bubbles being blown.,A little girl blows soap bubbles is active form of soap bubbles being blown., A *little* *girl* in a purple cap *blows* *soap* *bubbles.*, There are *soap* *bubbles* *being* *blown.*,['blows'],['blown.'],"['little', 'girl', 'blows', 'soap', 'bubbles.']",[],"['little', 'girl', 'blows', 'soap', 'bubbles.']","['soap', 'bubbles', 'being', 'blown.']",classification,3
64,1439,1439,4553696388.jpg#4r1e,entailment,Man in leather jacket reading a book.,A man is reading,'Man reading' absolutely indicates that a man is reading., *Man* in leather jacket *reading* a book., *A* *man* *is* *reading*,"Reading a book is a type of reading, and man in leather jacket is a type of man.", *Man* *in* *leather* *jacket* *reading* *a* *book.*, A *man* is *reading*,There was a man reading a book., Man in leather jacket *reading* a book., A man is *reading*,"['Man', 'reading']","['A', 'man', 'is', 'reading']","['Man', 'in', 'leather', 'jacket', 'reading', 'a', 'book.']","['man', 'reading']",['reading'],['reading'],classification,2
91,1891,1891,6917567087.jpg#0r1e,entailment,A man standing at the front of the room is pointing up while several people who are seated look towards him.,A man standing in a room is pointing up.,Man standing at the front is a type of man., A *man* *standing* *at* *the* *front* of the room is pointing up while several people who are seated look towards him., A *man* standing in a room is pointing up.,There is both a man standing pointing up., A *man* *standing* at the front of the room is *pointing* *up* while several people who are seated look towards him., A *man* *standing* in a room is *pointing* *up.*,Standing at the front of the room is a paraphrase of standing in a room., A man *standing* *at* *the* *front* *of* *the* *room* is pointing up while several people who are seated look towards him., A man *standing* *in* *a* *room* is pointing up.,"['man', 'standing', 'at', 'the', 'front']",['man'],"['man', 'standing', 'pointing', 'up']","['man', 'standing', 'pointing', 'up.']","['standing', 'at', 'the', 'front', 'of', 'the', 'room']","['standing', 'in', 'a', 'room']",classification,1
111,2326,2326,7096517911.jpg#3r1e,entailment,A man trying to block another man from shooting the ball in.,The man is is near the ball.,A man has to be near the to keep another man from shooting it., A man trying to *block* another man from *shooting* the *ball* in., The man is is *near* *the* ball.,To block another man from shooting the ball is the same as being near the ball., A man trying to *block* *another* *man* *from* *shooting* *the* *ball* in., The man is is *near* *the* *ball.*,"Man trying to block is a type of man, and shooting the ball in implies near the ball.", A *man* *trying* *to* *block* another man from *shooting* *the* *ball* *in.*, The *man* is is *near* *the* *ball.*,"['block', 'shooting', 'ball']","['near', 'the']","['block', 'another', 'man', 'from', 'shooting', 'the', 'ball']","['near', 'the', 'ball.']","['man', 'trying', 'to', 'block', 'shooting', 'the', 'ball', 'in.']","['man', 'near', 'the', 'ball.']",classification,3
115,2392,2392,448658518.jpg#0r1e,entailment,A large man dressed in black on a street corner by a red brick building.,A man is on the street corner.,Large man dressed in black is a type of man., A *large* *man* *dressed* *in* *black* on a street corner by a red brick building., A *man* is on the street corner.,A large man is a man and a street corner by a red brick building is a street corner., *A* *large* *man* dressed in black on a *street* *corner* by a red brick building., *A* *man* is on the *street* *corner.*,The man could be large in size., A *large* *man* dressed in black on a street corner by a red brick building., A *man* is on the street corner.,"['large', 'man', 'dressed', 'in', 'black']",['man'],"['A', 'large', 'man', 'street', 'corner']","['A', 'man', 'street', 'corner.']","['large', 'man']",['man'],classification,1
136,2694,2694,4970845641.jpg#0r1e,entailment,An African American wearing a red backpack looks the photographer as he walks past a concrete wall covered in graffiti.,a person wears a backpack,"African American is a person, and red backpack is a type of backpack.", An *African* *American* wearing a *red* *backpack* looks the photographer as he walks past a concrete wall covered in graffiti., a *person* wears a *backpack*,"An African American is a person. ""Wears a backpack"" restates ""wearing a red backpack.""", An *African* *American* *wearing* a red *backpack* looks the photographer as he walks past a concrete wall covered in graffiti., a *person* *wears* a *backpack*,AFRICAN AMERICAN PERSON WEARING BACKPACK., An *African* *American* wearing a red *backpack* looks the photographer as he walks past a concrete wall covered in graffiti., a *person* wears a *backpack*,"['African', 'American', 'red', 'backpack']","['person', 'backpack']","['African', 'American', 'wearing', 'backpack']","['person', 'wears', 'backpack']","['African', 'American', 'backpack']","['person', 'backpack']",classification,1
165,3186,3186,3306464579.jpg#2r1e,entailment,a man with a tattoo on his arm cooking something in a frying pan.,A man cooks food.,A man with a fish tattoo cooks fish food in the frying pan`, a *man* with a *tattoo* on his arm cooking something in a *frying* *pan.*, A man *cooks* *food.*,"A man with a tattoo is a man, and cooking food can be conveyed in the present tense 'cooks'.", a man with a tattoo on his arm *cooking* something in a frying pan., A man *cooks* food.,"Man with a tattoo on his arm is a type of man, and cooking something is a paraphrase of cooks food.", a *man* *with* *a* *tattoo* *on* *his* *arm* cooking something in a frying pan., A *man* cooks food.,"['man', 'tattoo', 'frying', 'pan.']","['cooks', 'food.']",['cooking'],['cooks'],"['man', 'with', 'a', 'tattoo', 'on', 'his', 'arm']",['man'],classification,3
172,3299,3299,7810644900.jpg#4r1e,entailment,Man with dreadlocks on a skateboard in the middle of the street.,The man is outside.,Streets are outside., Man with dreadlocks on a skateboard in the middle of the *street.*, The man is *outside.*,"Man with dreadlocks is a type of man, and street implies outside.", *Man* *with* *dreadlocks* on a skateboard in the middle of the *street.*, The *man* is *outside.*,"Skateboarding on the street is an outdoor activity, thus the man is outside..", *Man* with dreadlocks on a *skateboard* in the middle of the *street.*, The *man* is *outside.*,['street.'],['outside.'],"['Man', 'with', 'dreadlocks', 'street.']","['man', 'outside.']","['Man', 'skateboard', 'street.']","['man', 'outside.']",classification,2
180,3393,3393,8042217958.jpg#0r1e,entailment,"A woman watching six televisions, while sitting on a hardwood floor in a beautiful room made of bricks with large windows, while a dark-haired man leaning on a windowsill is watching her.",The woman is inside.,The woman is inside the beautiful room.," A woman watching six televisions, while sitting on a hardwood floor in a *beautiful* *room* made of bricks with large windows, while a dark-haired man leaning on a windowsill is watching her.", The *woman* is *inside.*,A woman is inside watching television.," A woman *watching* six *televisions,* while sitting on a hardwood floor in a beautiful room made of bricks with large windows, while a dark-haired man leaning on a windowsill is watching her.", The *woman* is *inside.*,"Woman watching six televisions is a type of woman, and room implies inside."," A *woman* *watching* *six* *televisions,* while sitting on a hardwood floor in a beautiful *room* made of bricks with large windows, while a dark-haired man leaning on a windowsill is watching her.", The *woman* is *inside.*,"['beautiful', 'room']","['woman', 'inside.']","['watching', 'televisions']","['woman', 'inside.']","['woman', 'watching', 'six', 'televisions', 'room']","['woman', 'inside.']",classification,3
181,3428,3428,6063730184.jpg#3r1e,entailment,A young boy and his dog play at the edge of a public beach.,the kid plays with his dog at the beach,A young boy and kid are synonymous as part the description at the beach (public beach)., A *young* *boy* and his dog play at the edge of a public *beach.*, the *kid* plays with his dog at the *beach*,"Young boy is a kid, and public beach is a type of beach.", A *young* *boy* and his dog play at the edge of a *public* *beach.*, the *kid* plays with his dog at the *beach*,The boy is a kid., A young *boy* and his dog play at the edge of a public beach., the *kid* plays with his dog at the beach,"['young', 'boy', 'beach.']","['kid', 'beach']","['young', 'boy', 'public', 'beach.']","['kid', 'beach']",['boy'],['kid'],classification,2
185,3478,3478,3562169000.jpg#0r1e,entailment,A blue race car slides off the racetrack and hits white median bumpers with its rear.,The automobile lost control and hit something.,If a race car slides off the racetrack then it probably means the automoblie has lost control., A blue *race* *car* *slides* *off* *the* *racetrack* and hits white median bumpers with its rear., The automobile *lost* *control* and hit something.,Car is an automobile and something refers to bumpers, A blue race *car* slides off the racetrack and hits white *median* *bumpers* with its rear., The *automobile* lost control and hit *something.*,"Blue race car is a type of automobile, and slides off the racetrack implies lost control.", A *blue* *race* *car* *slides* *off* *the* *racetrack* and hits white median bumpers with its rear., The *automobile* *lost* *control* and hit something.,"['race', 'car', 'slides', 'off', 'the', 'racetrack']","['lost', 'control']","['car', 'median', 'bumpers']","['automobile', 'something.']","['blue', 'race', 'car', 'slides', 'off', 'the', 'racetrack']","['automobile', 'lost', 'control']",classification,3
210,4056,4056,147236031.jpg#1r1e,entailment,An Asian woman is looking at the camera while trimming asparagus.,Woman cuts vegetables.,Trimming is a form of cutting.  An asparagus is a type of vegetable., An Asian woman is looking at the camera while *trimming* *asparagus.*, Woman *cuts* *vegetables.*,"Asian woman is a woman, and trimming asparagus is a type of cuts vegetables.", An *Asian* *woman* is looking at the camera while *trimming* *asparagus.*, *Woman* *cuts* *vegetables.*,trimming asparagus refer to cuts asparagus, An Asian woman is looking at the camera while *trimming* *asparagus.*, Woman *cuts* *vegetables.*,"['trimming', 'asparagus.']","['cuts', 'vegetables.']","['Asian', 'woman', 'trimming', 'asparagus.']","['Woman', 'cuts', 'vegetables.']","['trimming', 'asparagus.']","['cuts', 'vegetables.']",classification,"1,2"
234,4520,4520,2341080150.jpg#0r2e,entailment,Beautiful red car among many at a car show full of excited car enthusiasts held on a tree lined street.,The cars and people are outdoors.,A tree lined street has to be located outdoors., Beautiful red car among many at a car show full of excited car enthusiasts held on a *tree* *lined* *street.*, The cars and people are *outdoors.*,A car show has full of cars.   Car enthusiasts are people found in a car show.  A tree-lined street is found outdoors., Beautiful red car among many at a *car* *show* full of excited *car* *enthusiasts* held on a *tree* *lined* *street.*, The *cars* and *people* are *outdoors.*,"Car enthusiasts are people, and beautiful red car among many are a type of cars.", *Beautiful* *red* *car* *among* *many* at a car show full of excited *car* *enthusiasts* held on a tree lined street., The *cars* and *people* are outdoors.,"['tree', 'lined', 'street.']",['outdoors.'],"['car', 'show', 'car', 'enthusiasts', 'tree', 'lined', 'street.']","['cars', 'people', 'outdoors.']","['Beautiful', 'red', 'car', 'among', 'many', 'car', 'enthusiasts']","['cars', 'people']",classification,3
254,4834,4834,418207489.jpg#3r1n,entailment,A man and a woman are shopping at a large hardware warehouse store.,A man and woman are in a hardware store.,Hardware warehouse store is a form of hardware store., A man and a woman are shopping at a large *hardware* *warehouse* *store.*, A man and woman are in a *hardware* *store.*,"If you are in a store, then you must be shopping, also, a warehouse in no different from a store.", A man and a woman are *shopping* at a large hardware *warehouse* store., A man and woman are in a hardware *store.*,Peoples are shopping at a hardware warehouse store., A man and a woman are *shopping* at a large hardware *warehouse* store., A man and woman are in a *hardware* *store.*,"['hardware', 'warehouse', 'store.']","['hardware', 'store.']","['shopping', 'warehouse']",['store.'],"['shopping', 'warehouse']","['hardware', 'store.']",classification,1
281,5303,5303,3411579899.jpg#1r1e,entailment,Mountain biking in a forest during the early fall.,Bicycling through the woods in the Autumn.,Mountain biking is a type of bicycling., *Mountain* *biking* in a forest during the early fall., *Bicycling* through the woods in the Autumn.,"Mountain biking is a type of bicycling, and forest is woods.", *Mountain* *biking* in a *forest* during the early fall., *Bicycling* through the *woods* in the Autumn.,Mountain biking uses bikes and can thus be generically called bicycling. The woods is another word for forest. Autumn is another word for the season of fall., *Mountain* *biking* in a *forest* during the early *fall.*, *Bicycling* through the *woods* in the *Autumn.*,"['Mountain', 'biking']",['Bicycling'],"['Mountain', 'biking', 'forest']","['Bicycling', 'woods']","['Mountain', 'biking', 'forest', 'fall.']","['Bicycling', 'woods', 'Autumn.']",classification,"1,2"
282,5317,5317,2925162156.jpg#1r1e,entailment,A man and a woman are competing in a road rice.,A  man and women competing,Competing in a road rice is a form of competing., A man and a woman are *competing* *in* *a* *road* *rice.*, A  man and women *competing*,'A man and women competing' is a rephrasing of 'A man and a woman are competing'., *A* *man* *and* *a* *woman* *are* *competing* in a road rice., *A*  *man* *and* *women* *competing*,"A man and woman can be competing in anything, including a road race.", A man and a woman are *competing* in a road rice., A  man and women *competing*,"['competing', 'in', 'a', 'road', 'rice.']",['competing'],"['A', 'man', 'and', 'a', 'woman', 'are', 'competing']","['A', 'man', 'and', 'women', 'competing']",['competing'],['competing'],classification,1
287,5399,5399,4656148446.jpg#0r1e,entailment,"A young man wearing a blue shirt with white words, black jeans, and inline skates is sitting on a concrete seat looking forward while a group are people are in the background.",A young man in inline skates sits on a concrete seat.,A young man is a young man and They both reference a young man in an inline skate that sits on a concrete seat.," A *young* *man* wearing a blue shirt with white words, black jeans, and *inline* *skates* is sitting on a *concrete* *seat* looking forward while a group are people are in the background.", A *young* *man* in *inline* *skates* sits on a *concrete* *seat.*,Answer: Sits on a concrete seat is same as sitting on a concrete seat.," A young man wearing a blue shirt with white words, black jeans, and inline skates *is* *sitting* *on* *a* *concrete* *seat* looking forward while a group are people are in the background.", A young man in inline skates *sits* *on* *a* *concrete* *seat.*,Young man wearing a blue shirt is a type of young man.," A *young* *man* *wearing* *a* *blue* *shirt* with white words, black jeans, and inline skates is sitting on a concrete seat looking forward while a group are people are in the background.", A *young* *man* in inline skates sits on a concrete seat.,"['young', 'man', 'inline', 'skates', 'concrete', 'seat']","['young', 'man', 'inline', 'skates', 'concrete', 'seat.']","['is', 'sitting', 'on', 'a', 'concrete', 'seat']","['sits', 'on', 'a', 'concrete', 'seat.']","['young', 'man', 'wearing', 'a', 'blue', 'shirt']","['young', 'man']",classification,3
292,5508,5508,4715846690.jpg#1r1e,entailment,A little girl wearing a tan sundress with a bow in the back holds a bouquet of flowers on the sidewalk.,A girl wearing a dress holds flowers on the sidewalk,A girl in a sundress is holding a bouquet of flowers., A *little* *girl* wearing a tan *sundress* with a bow in the back holds *a* *bouquet* *of* *flowers* on the sidewalk., A girl wearing a dress *holds* flowers on the sidewalk,A girl in a dress holds flowers., A little girl wearing a tan sundress with a bow in the back *holds* a bouquet of *flowers* on the sidewalk., A girl wearing a dress *holds* *flowers* on the sidewalk,"A little girl is a form of a girl, a tan sundress is a dress, and a bouquet of flowers are flowers.", *A* *little* *girl* wearing a *tan* *sundress* with a bow in the back holds a *bouquet* *of* *flowers* on the sidewalk., *A* *girl* wearing a *dress* holds *flowers* on the sidewalk,"['little', 'girl', 'sundress', 'a', 'bouquet', 'of', 'flowers']",['holds'],"['holds', 'flowers']","['holds', 'flowers']","['A', 'little', 'girl', 'tan', 'sundress', 'bouquet', 'of', 'flowers']","['A', 'girl', 'dress', 'flowers']",classification,3
300,5618,5618,4752074992.jpg#1r1e,entailment,"A young women carrying some wooden cases, walking down the street and passing a street performer.",A person carrying cases,"Young women is a person, and wooden cases are a type of cases."," A *young* *women* carrying some *wooden* *cases,* walking down the street and passing a street performer.", A *person* carrying *cases*,A young woman can be walking while carrying something," A young women carrying some wooden cases, *walking* down the street and passing a street performer.", A person *carrying* cases,A woman is carrying cases and a woman is a person therefore a person is carrying cases.," A young *women* *carrying* some wooden *cases,* walking down the street and passing a street performer.", A *person* *carrying* *cases*,"['young', 'women', 'wooden', 'cases']","['person', 'cases']",['walking'],['carrying'],"['women', 'carrying', 'cases']","['person', 'carrying', 'cases']",classification,1
314,5724,5724,2325025735.jpg#3r1e,entailment,A little girl looking at a large boulder,A girl sees a rock formation.,Seeing is a form of looking.  A large boulder is a type of rock formation., A little girl *looking* at a *large* *boulder*, A girl *sees* a *rock* *formation.*,A large boulder is a rock formation., A little girl looking at a *large* *boulder*, A girl sees a *rock* *formation.*,A girl sees a rock formation in the boulder., A little girl looking at a large *boulder*, A girl sees a *rock* *formation.*,"['looking', 'large', 'boulder']","['sees', 'rock', 'formation.']","['large', 'boulder']","['rock', 'formation.']",['boulder'],"['rock', 'formation.']",classification,1
333,5963,5963,3244632670.jpg#1r1n,entailment,A chef speaks into a microphone about a mixed salad contained in a bowl with a decorative lid.,A chef speaks,"""A chef speaks"" is a shortened form of ""A chef speaks into a microphone...""", A *chef* *speaks* into a microphone about a mixed salad contained in a bowl with a decorative lid., A *chef* *speaks*,"Regardless of the content, the chef is speaking.", A *chef* speaks into a microphone about a mixed salad contained in a bowl with a decorative lid., A chef *speaks*,The chef is speaks into a microphone about a mixed bowled salad in a decorative lid, A *chef* *speaks* into a *microphone* about a *mixed* *salad* contained in a *bowl* with a *decorative* *lid.*, A *chef* *speaks*,"['chef', 'speaks']","['chef', 'speaks']",['chef'],['speaks'],"['chef', 'speaks', 'microphone', 'mixed', 'salad', 'bowl', 'decorative', 'lid.']","['chef', 'speaks']",classification,1
335,5977,5977,2623930900.jpg#0r1e,entailment,A man who has a gray beard and gray hair laughs while wearing a purple shirt.,A man is cheerful.,He laughs because he is cheerful., A man who has a gray beard and gray hair *laughs* while wearing a purple shirt., A man is *cheerful.*,"A man who laughs, looks very cheerful for everyone.", A man who has a gray beard and gray hair *laughs* while wearing a purple shirt., A man is *cheerful.*,"Man who has a gray beard is a type of man, and laughs implies cheerful.", A *man* *who* *has* *a* *gray* *beard* and gray hair *laughs* while wearing a purple shirt., A *man* is *cheerful.*,['laughs'],['cheerful.'],['laughs'],['cheerful.'],"['man', 'who', 'has', 'a', 'gray', 'beard', 'laughs']","['man', 'cheerful.']",classification,3
346,6085,6085,4393476043.jpg#0r1e,entailment,"Man in gray zippered jacket and red shirt pets a brown dog and holds a young girl in pink shirt, while a woman next to him holds an infant boy and a gray dog.",A man in a jacket holds a small child while petting his dog near a woman holding a small boy and her dog.,Answer: Young refers to small and infant refers to small," Man in gray zippered jacket and red shirt pets a brown dog and holds a *young* girl in pink shirt, while a woman next to him holds an *infant* boy and a gray dog.", A man in a jacket holds a *small* child while petting his dog near a woman holding a *small* boy and her dog.,"Gray zippered jacket is a type of jacket, and young girl is a small child."," Man in *gray* *zippered* *jacket* and red shirt pets a brown dog and holds a *young* *girl* in pink shirt, while a woman next to him holds an infant boy and a gray dog.", A man in a *jacket* holds a *small* *child* while petting his dog near a woman holding a small boy and her dog.,"A man in a gray jacket holding a child, petting a dog with a woman and a small boy and their dog near them"," Man in *gray* zippered *jacket* and red shirt pets a brown *dog* and holds a young girl in pink shirt, while a woman next to him holds an infant boy and a gray dog.", A man in a *jacket* holds a small *child* while *petting* his *dog* near a *woman* holding a *small* *boy* and her *dog.*,"['young', 'infant']","['small', 'small']","['gray', 'zippered', 'jacket', 'young', 'girl']","['jacket', 'small', 'child']","['gray', 'jacket', 'dog']","['jacket', 'child', 'petting', 'dog', 'woman', 'small', 'boy', 'dog.']",classification,2
348,6117,6117,306839655.jpg#2r1n,entailment,A group of people plays a game on the floor of a living room while a TV plays in the background.,A group of people plays a fun game on the floor of a living room.,"The game must be fun if people are engaged with it, rather than the TV playing in the background.", A group of people plays a game on the floor of a living room while a TV plays in the *background.*, A group of people plays a *fun* game on the floor of a living room.,"A fun game is still a game. The living room is still the living room, whether  the TV plays in the background or not.", A group of people plays a *game* on the floor of a *living* *room* while a *TV* *plays* *in* *the* *background.*, A group of people plays a *fun* *game* on the floor of a *living* *room.*,Fun game is a type of game., A group of people plays a *game* on the floor of a living room while a TV plays in the background., A group of people plays a *fun* *game* on the floor of a living room.,['background.'],['fun'],"['game', 'living', 'room', 'TV', 'plays', 'in', 'the', 'background.']","['fun', 'game', 'living', 'room.']",['game'],"['fun', 'game']",classification,3
359,6359,6359,4851047049.jpg#3r1e,entailment,A man playing a guitar while a woman in a checks the oven.,A man plays an instrument.,A guitar is an instrument., A man playing a *guitar* while a woman in a checks the oven., A man plays an *instrument.*,A guitar is a type of instrument., A man playing a *guitar* while a woman in a checks the oven., A man plays an *instrument.*,A guitar is a type of instrument and man playing a guitar is a more specific way of saying a man plays an instrument., A *man* *playing* a *guitar* while a woman in a checks the oven., A *man* *plays* an *instrument.*,['guitar'],['instrument.'],['guitar'],['instrument.'],"['man', 'playing', 'guitar']","['man', 'plays', 'instrument.']",classification,"2,3"
365,6515,6515,5806030158.jpg#3r1e,entailment,Children are playing a game outside.,Children are playing a game,Playing a game outside is a form of playing., Children are *playing* *a* *game* *outside.*, Children are *playing* a game,The children play a game outside is the same as a game., *Children* are playing a *game* *outside.*, *Children* are playing a *game*,"If they are playing a game outside, they are playing a game.", Children are *playing* a *game* *outside.*, Children are *playing* a *game*,"['playing', 'a', 'game', 'outside.']",['playing'],"['Children', 'game', 'outside.']","['Children', 'game']","['playing', 'game', 'outside.']","['playing', 'game']",classification,1
375,6715,6715,4470113445.jpg#0r1e,entailment,A man on stage wearing a red shirt is zipping up his pants.,A man on stage wearing a shirt is zipping up his pants.,A man zipping his pants on stage, A man on stage wearing a red shirt is *zipping* up his pants., A man on stage wearing a shirt is zipping up his *pants.*,There is a man with a red shirt., A man on stage wearing a *red* *shirt* is zipping up his pants., A man on stage wearing a *shirt* is zipping up his pants.,Red shirt is a type of shirt., A man on stage wearing a *red* *shirt* is zipping up his pants., A man on stage wearing a *shirt* is zipping up his pants.,['zipping'],['pants.'],"['red', 'shirt']",['shirt'],"['red', 'shirt']",['shirt'],classification,3
390,6893,6893,4486280757.jpg#0r1e,entailment,A man in a black wetsuit with white shorts is windsurfing on a blue body of water with mountains in the background.,The man is near the water.,If a man is on a body of water then he is near the water., A man in a black wetsuit with white shorts is windsurfing *on* *a* blue *body* *of* *water* with mountains in the background., The man is *near* *the* *water.*,"A man in a black wetsuit is a type of man, and on a blue body of water implies near the water.", *A* *man* *in* *a* *black* *wetsuit* with white shorts is windsurfing *on* *a* *blue* *body* *of* *water* with mountains in the background., The *man* is *near* *the* *water.*,Windsurfing would require you to be near water., A man in a black wetsuit with white shorts is *windsurfing* on a blue body of water with mountains in the background., The man is *near* the *water.*,"['on', 'a', 'body', 'of', 'water']","['near', 'the', 'water.']","['A', 'man', 'in', 'a', 'black', 'wetsuit', 'on', 'a', 'blue', 'body', 'of', 'water']","['man', 'near', 'the', 'water.']",['windsurfing'],"['near', 'water.']",classification,2
409,7284,7284,3182517887.jpg#1r1e,entailment,A man with a tattoo is wearing sunglasses while holding a small boy.,There is a man with body art who is holding a young person.,Tattoo is body art., A man with a *tattoo* is wearing sunglasses while holding a small boy., There is a man with *body* *art* who is holding a young person.,"The has a tattoo which is a type of body art, and he is holding a small boy who is also a young person.", A *man* *with* *a* *tattoo* is wearing sunglasses while *holding* *a* *small* *boy.*, There is a *man* *with* *body* *art* who is *holding* *a* *young* *person.*,"Tattoo is a form of body art, and small boy is a young person", A man with a *tattoo* is wearing sunglasses while holding a *small* *boy.*, There is a man with *body* *art* who is holding a *young* *person.*,['tattoo'],"['body', 'art']","['man', 'with', 'a', 'tattoo', 'holding', 'a', 'small', 'boy.']","['man', 'with', 'body', 'art', 'holding', 'a', 'young', 'person.']","['tattoo', 'small', 'boy.']","['body', 'art', 'young', 'person.']",classification,"2,3"
417,7359,7359,8404753.jpg#1r1e,entailment,A man is putting on a yellow necktie while another man stands to his right side watching him.,a man puts on a tie,"""Puts on a tie"" is a rephrasing of ""putting on a yellow necktie.""", A man is *putting* *on* *a* *yellow* *necktie* while another man stands to his right side watching him., a man *puts* *on* *a* *tie*,A man puts on a tie is a simplification of a man is putting on a yellow necktie., A *man* is putting on a *yellow* *necktie* while another man stands to his right side watching him., a man puts on a tie,A necktie is a type of tie to put on., A man is *putting* *on* a yellow *necktie* while another man stands to his right side watching him., a man *puts* *on* *a* *tie*,"['putting', 'on', 'a', 'yellow', 'necktie']","['puts', 'on', 'a', 'tie']","['man', 'yellow', 'necktie']",[],"['putting', 'on', 'necktie']","['puts', 'on', 'a', 'tie']",classification,3
427,7499,7499,3495490064.jpg#2r1e,entailment,the man in jeans is sitting by the river with large fish.,A person is outside sitting by a body of water.,"Man is person, and river is body of water.", the *man* in jeans is sitting by the *river* with large fish., A *person* is outside sitting by a *body* *of* *water.*,A river is a type of body of water., the man in jeans is *sitting* *by* *the* *river* with large fish., A person is outside *sitting* *by* *a* *body* *of* *water.*,A river is a body of water., the man in jeans is sitting by the *river* with large fish., A person is outside sitting by a *body* *of* *water.*,"['man', 'river']","['person', 'body', 'of', 'water.']","['sitting', 'by', 'the', 'river']","['sitting', 'by', 'a', 'body', 'of', 'water.']",['river'],"['body', 'of', 'water.']",classification,2
442,7715,7715,3925836925.jpg#1r1e,entailment,"His back facing us, a young man photographs a lovely mountain lake scene under a hazy sky.",A young man photographs a mountain lake scene.,A mountain lake scene is used in the same manner.," His back facing us, a young man photographs a lovely *mountain* *lake* *scene* under a hazy sky.", A young man photographs a *mountain* *lake* *scene.*,a young man photographs a mountain lake scene is the inference.," His back facing us, a young man *photographs* *a* *lovely* *mountain* *lake* *scene* under a hazy sky.", A young man *photographs* *a* *mountain* *lake* *scene.*,Lovely mountain lake is a type of mountain lake.," His back facing us, a young man photographs a *lovely* *mountain* *lake* scene under a hazy sky.", A young man photographs a *mountain* *lake* scene.,"['mountain', 'lake', 'scene']","['mountain', 'lake', 'scene.']","['photographs', 'a', 'lovely', 'mountain', 'lake', 'scene']","['photographs', 'a', 'mountain', 'lake', 'scene.']","['lovely', 'mountain', 'lake']","['mountain', 'lake']",classification,3
462,8053,8053,244829722.jpg#2r1n,entailment,A young woman rides by herself on a swinging carnival ride.,A woman is enjoying herself.,Rides carnival ride shows enjoying herself., A young woman *rides* by herself on a swinging *carnival* *ride.*, A woman is *enjoying* *herself.*,"Carnivals are designed for fun, and being on a carnival ride implies having funâ€”i.e. enjoying oneself.", A young woman rides by herself on a swinging *carnival* *ride.*, A woman is *enjoying* *herself.*,"Young woman is type of woman, and swinging implies enjoying.", A *young* *woman* rides by herself on a *swinging* carnival ride., A *woman* is *enjoying* herself.,"['rides', 'carnival', 'ride.']","['enjoying', 'herself.']","['carnival', 'ride.']","['enjoying', 'herself.']","['young', 'woman', 'swinging']","['woman', 'enjoying']",classification,3
478,8292,8292,7610925230.jpg#0r1e,entailment,"Three middle-age women are on a stage, one singing and the other two cheerleading in blue uniforms.",Three women are on stage.,there are two cheerleading and the one singing would equal three women," Three middle-age women are on a stage, *one* *singing* and the other *two* *cheerleading* in blue uniforms.", *Three* *women* are on stage.,Middle-age women are a type of women.," Three *middle-age* *women* are on a stage, one singing and the other two cheerleading in blue uniforms.", Three *women* are on stage.,The first sentence is a more descriptive way of stating that three women are on the stage.," *Three* middle-age *women* are *on* *a* *stage,* one singing and the other two cheerleading in blue uniforms.", *Three* *women* *are* *on* *stage.*,"['one', 'singing', 'two', 'cheerleading']","['Three', 'women']","['middle-age', 'women']",['women'],"['Three', 'women', 'on', 'a', 'stage']","['Three', 'women', 'are', 'on', 'stage.']",classification,2
490,8505,8505,4672131242.jpg#4r1e,entailment,A man in a black shirt is standing behind a blue SUV.,A person is next to a car,A man is a type of person. Standing behind can be considered standing next to. An SUV is a type of car., *A* *man* in a black shirt is *standing* *behind* a blue *SUV.*, A *person* is *next* to a *car*,"Man is a person, and blue SUV is a type of car.", A *man* in a black shirt is standing behind a *blue* *SUV.*, A *person* is next to a *car*,An SUV is a car., A man in a black shirt is standing behind a blue *SUV.*, A person is next to a *car*,"['A', 'man', 'standing', 'behind', 'SUV.']","['person', 'next', 'car']","['man', 'blue', 'SUV.']","['person', 'car']",['SUV.'],['car'],classification,"1,2"
491,8519,8519,3183195653.jpg#0r1e,entailment,The brightly dressed middle eastern women are conversing in the market.,The women are brightly dressed,Brightly dressed middle eastern women are a type of women., The *brightly* *dressed* *middle* *eastern* *women* are conversing in the market., The *women* are brightly dressed,Women are dressed and conversing in the market., The brightly dressed middle eastern women are *conversing* in the *market.*, The *women* *are* brightly *dressed*,"If the women are brightly dressed, they are brightly dressed women.", The *brightly* *dressed* middle eastern *women* are conversing in the market., The *women* are *brightly* *dressed*,"['brightly', 'dressed', 'middle', 'eastern', 'women']",['women'],"['conversing', 'market.']","['women', 'are', 'dressed']","['brightly', 'dressed', 'women']","['women', 'brightly', 'dressed']",classification,1
501,8666,8666,539751252.jpg#0r1e,entailment,A young boy wearing blue shorts is splashing is a blue kiddie pool.,The young boy is wet.,if someone is in a pool they are wet., A young boy wearing blue shorts is splashing is a blue kiddie *pool.*, The young boy is *wet.*,Splashing in a pool implies being wet., A young boy wearing blue shorts is *splashing* is a blue kiddie *pool.*, The young boy is *wet.*,"Young boy wearing blue shorts is a type of young boy, and splashing implies wet.", A *young* *boy* *wearing* *blue* *shorts* is *splashing* is a blue kiddie pool., The *young* *boy* is *wet.*,['pool.'],['wet.'],"['splashing', 'pool.']",['wet.'],"['young', 'boy', 'wearing', 'blue', 'shorts', 'splashing']","['young', 'boy', 'wet.']",classification,3
520,8950,8950,3527926597.jpg#3r1e,entailment,A boy on a skateboard ramp.,There is a boy on a ramp,Skateboard ramp is a form of ramp., A boy on a *skateboard* *ramp.*, There is a boy on a *ramp*,A BOY SKATEBOARDS ON A RAMP, A *boy* on a *skateboard* ramp., There is a boy on a *ramp*,Skating is done on a ramp., A boy on a skateboard *ramp.*, There is a boy on a *ramp*,"['skateboard', 'ramp.']",['ramp'],"['boy', 'skateboard']",['ramp'],['ramp.'],['ramp'],classification,1
521,8961,8961,3089862485.jpg#0r1e,entailment,A man on stage holds a hello kitty guitar and looks to the right of the picture.,The man is holding an instrument in his hands.,A guitar is a type of instrument., A man on stage holds a hello kitty *guitar* and looks to the right of the picture., The man is holding an *instrument* in his hands.,"guitar is a musical instrument, which is always held in hands", A man on stage holds a *hello* *kitty* *guitar* and looks to the right of the picture., The man is holding an *instrument* in his hands.,"Man on stage is a type of man, and hello kitty guitar is a type of instrument.", A *man* *on* *stage* holds a *hello* *kitty* *guitar* and looks to the right of the picture., The *man* is holding an *instrument* in his hands.,['guitar'],['instrument'],"['hello', 'kitty', 'guitar']",['instrument'],"['man', 'on', 'stage', 'hello', 'kitty', 'guitar']","['man', 'instrument']",classification,"1,3"
534,9198,9198,5244225882.jpg#4r1e,entailment,Young man engraves Arabic writing into a stone.,Young man is engraving into a stone.,A young man that engraves Arabic writing into a stone is definitely engraving into a stone., Young man *engraves* *Arabic* *writing* *into* *a* *stone.*, Young man is *engraving* *into* *a* *stone.*,Engraves Arabic writing is a form of engraving., Young man *engraves* *Arabic* *writing* into a stone., Young man is *engraving* into a stone.,Engraves Arabic writing is a more specific type of engraving. The rest of the sentences are identical., Young man *engraves* *Arabic* *writing* into a stone., Young man is *engraving* into a stone.,"['engraves', 'Arabic', 'writing', 'into', 'a', 'stone.']","['engraving', 'into', 'a', 'stone.']","['engraves', 'Arabic', 'writing']",['engraving'],"['engraves', 'Arabic', 'writing']",['engraving'],classification,"2,3"
536,9221,9221,2724379828.jpg#1r1e,entailment,A man providing entertainment on the sidewalk by playing the violin.,A man playing the violin entertains on the sidewalk.,"Sentences are simply rearranged, both say a man on the sidewalk is playing the violin", A *man* providing entertainment on the *sidewalk* by *playing* the *violin.*, A *man* *playing* the *violin* entertains on the *sidewalk.*,"Playing the violin is a form of entertainment, and playing the violin implies entertains.", A man providing *entertainment* on the sidewalk by *playing* *the* *violin.*, A man *playing* *the* *violin* *entertains* on the sidewalk.,"If the man is providing entertainment, then he entertains.", A man *providing* *entertainment* on the sidewalk by playing the violin., A man playing the violin *entertains* on the sidewalk.,"['man', 'sidewalk', 'playing', 'violin.']","['man', 'playing', 'violin', 'sidewalk.']","['entertainment', 'playing', 'the', 'violin.']","['playing', 'the', 'violin', 'entertains']","['providing', 'entertainment']",['entertains'],classification,2
546,9362,9362,2042114239.jpg#4r1e,entailment,Two boys laying tile in a bathroom.,Some boys repair a bathroom.,Laying tile is a form of repair., Two boys *laying* *tile* in a bathroom., Some boys *repair* a bathroom.,Laying tile is a form of repair., Two boys *laying* *tile* in a bathroom., Some boys *repair* a bathroom.,Laying tile is also a form of work or a repair., Two boys *laying* *tile* in a bathroom., Some boys repair a bathroom.,"['laying', 'tile']",['repair'],"['laying', 'tile']",['repair'],"['laying', 'tile']",[],classification,"1,2,3"
551,9411,9411,5420765124.jpg#1r1e,entailment,A bundled up Asian girl wearing a Camelbak and walking shoes walking her dog in a snowy forest.,A girl is walking outdoors.,Bundled up a girl is walking her dog in a snowy forest., A *bundled* *up* Asian girl wearing a Camelbak and walking shoes walking *her* *dog* in a *snowy* *forest.*, *A* *girl* is *walking* outdoors.,"Bundled up Asian girl is a type of girl, and forest implies outdoors.", A *bundled* *up* *Asian* *girl* wearing a Camelbak and walking shoes walking her dog in a snowy *forest.*, A *girl* is walking *outdoors.*,The girl is Asian. The snowy forest is outdoors., A bundled up *Asian* girl wearing a Camelbak and walking shoes walking her dog in a *snowy* *forest.*, A *girl* is walking *outdoors.*,"['bundled', 'up', 'her', 'dog', 'snowy', 'forest.']","['A', 'girl', 'walking']","['bundled', 'up', 'Asian', 'girl', 'forest.']","['girl', 'outdoors.']","['Asian', 'snowy', 'forest.']","['girl', 'outdoors.']",classification,2
564,9697,9697,4890158457.jpg#0r1e,entailment,A small group of adults and children stand on a cobblestone street outside of an Irish pub.,The small group stands outside on a stone street,"Small group of adults and children is a small group, and street implies outside.", A *small* *group* *of* *adults* *and* *children* stand on a cobblestone *street* outside of an Irish pub., The *small* *group* stands *outside* on a stone street,"Small group of adults and children is a small group, and cobblestone street is a type of stone street.", A *small* *group* *of* *adults* *and* *children* stand on a *cobblestone* *street* outside of an Irish pub., The *small* *group* stands outside on a *stone* *street*,The group stands on a stone street because they stand on a cobblestone street., A small group of adults and children *stand* on a *cobblestone* street outside of an Irish pub., The small group *stands* outside on a *stone* *street*,"['small', 'group', 'of', 'adults', 'and', 'children', 'street']","['small', 'group', 'outside']","['small', 'group', 'of', 'adults', 'and', 'children', 'cobblestone', 'street']","['small', 'group', 'stone', 'street']","['stand', 'cobblestone']","['stands', 'stone', 'street']",classification,2
574,9819,9819,2546667441.jpg#0r1e,entailment,Black dog with tan markings wearing a blue collar standing on green grass.,There is a dog standing outside.,One must be outside to have green grass., Black dog with tan markings wearing a blue collar standing on *green* *grass.*, There is a dog standing *outside.*,Grass is only found outside., Black dog with tan markings wearing a blue collar standing on green *grass.*, There is a dog standing *outside.*,"Black dog with tan markings is a type of dog, and grass implies outside.", *Black* *dog* *with* *tan* *markings* wearing a blue collar standing on green *grass.*, There is a *dog* standing *outside.*,"['green', 'grass.']",['outside.'],['grass.'],['outside.'],"['Black', 'dog', 'with', 'tan', 'markings', 'grass.']","['dog', 'outside.']",classification,3
