,Unnamed: 0,pairID,gold_label,Sentence1,Sentence2,Explanation_1,Sentence1_marked_1,Sentence2_marked_1,Explanation_2,Sentence1_marked_2,Sentence2_marked_2,Explanation_3,Sentence1_marked_3,Sentence2_marked_3,Sentence1_Highlighted_Ordered_1,Sentence2_Highlighted_Ordered_1,Sentence1_Highlighted_Ordered_2,Sentence2_Highlighted_Ordered_2,Sentence1_Highlighted_Ordered_3,Sentence2_Highlighted_Ordered_3,explanation_type,matching_explanations
33,33,3021028400.jpg#1r1e,entailment,"Man in a black suit, white shirt and black bowtie playing an instrument with the rest of his symphony surrounding him.",A person in a suit,"A man is a person, and both sentences mention suits."," *Man* in a black *suit,* white shirt and black bowtie playing an instrument with the rest of his symphony surrounding him.", A *person* in a *suit*,"Man is person, and black suit is a type of suit."," *Man* in a *black* *suit,* white shirt and black bowtie playing an instrument with the rest of his symphony surrounding him.", A *person* in a *suit*,A man is a type of person.," *Man* in a black suit, white shirt and black bowtie playing an instrument with the rest of his symphony surrounding him.", A *person* in a suit,"['Man', 'suit']","['person', 'suit']","['Man', 'black suit']","['person', 'suit']",['Man'],['person'],classification,"2,3"
84,84,8162775105.jpg#3r1e,entailment,A pregnant lady singing on stage while holding a flag behind her.,A woman is making music.,Pregnant lady implies woman., A *pregnant* *lady* singing on stage while holding a flag behind her., A *woman* is making music.,"Pregnant lady is a type of woman, and singing is making music.", A *pregnant* *lady* *singing* on stage while holding a flag behind her., A *woman* is *making* *music.*,A pregnant lady is a woman and singing is a form of making music, *A* *pregnant* *lady* *singing* on stage while holding a flag behind her., *A* *woman* *is* *making* *music.*,['pregnant lady'],['woman'],['pregnant lady singing'],"['woman', 'making music']",['A pregnant lady singing'],['A woman is making music'],classification,"2,3"
574,574,4742826670.jpg#3r1e,entailment,"A black man, wearing a cap, is sitting in a bus.",A man is traveling on public transportation.,A bus is a form of public transportation.," A black man, wearing a cap, is sitting in a *bus.*", A man is traveling on *public* *transportation.*,A man sitting in a bus is traveling on a public transportation.," A black man, wearing a cap, is *sitting* *in* *a* *bus.*", A man is *traveling* on *public* *transportation.*,"Black man is a man, and bus is a form of public transportation."," A *black* *man,* wearing a cap, is sitting in a *bus.*", A *man* is traveling on *public* *transportation.*,['bus'],['public transportation'],['sitting in a bus'],"['traveling', 'public transportation']","['black man', 'bus']","['man', 'public transportation']",classification,"1,3"
811,811,3220090772.jpg#0r1e,entailment,A brunette woman in a multicolored floral outfit and a pearl necklace is talking while holding a wineglass.,a woman holds a glass,Brunette holding a wineglass shows that a woman holds a glass., A *brunette* woman in a multicolored floral outfit and a pearl necklace is talking while *holding* *a* *wineglass.*, *a* *woman* *holds* *a* *glass*,A wineglass is a type of glass., A brunette woman in a multicolored floral outfit and a pearl necklace is talking while holding a *wineglass.*, a woman holds a *glass*,A wineglass is a type of glass., A brunette woman in a multicolored floral outfit and a pearl necklace is talking while holding a *wineglass.*, a woman holds a *glass*,"['brunette', 'holding a wineglass']",['a woman holds a glass'],['wineglass'],['glass'],['wineglass'],['glass'],classification,"2,3"
989,989,3360582670.jpg#3r1e,entailment,A young adolescent is jumping into a pool.,The child is diving in the pool.,Diving is a form of jumping.  A child is a young adolescent., A young *adolescent* is *jumping* into a pool., The *child* is *diving* in the pool.,"Young adolescent  is a child, and diving is a form of jumping.", A *young* *adolescent* is *jumping* into a pool., The *child* is *diving* in the pool.,"Young adolescent is a child, jumping and diving are same actions.", A *young* *adolescent* is *jumping* into a pool., The *child* is *diving* in the pool.,"['adolescent', 'jumping']","['child', 'diving']","['young adolescent', 'jumping']","['child', 'diving']","['young adolescent', 'jumping']","['child', 'diving']",classification,"1,2"
1015,1015,3662271861.jpg#3r1e,entailment,An adult ballerina shows you children how to dance.,A ballerina is teaching kids ballet.,Ballet is a form of dance., An adult ballerina shows you children how to *dance.*, A ballerina is teaching kids *ballet.*,"Adult ballerina is a type of ballerina, and children are kids.", An *adult* *ballerina* shows you *children* how to dance., A *ballerina* is teaching *kids* ballet.,"If the ballerina shows kids how to dance, they are teaching the children.", An adult ballerina *shows* you children *how* *to* *dance.*, A ballerina is *teaching* kids ballet.,['dance'],['ballet'],"['adult ballerina', 'children']","['ballerina', 'kids']","['shows', 'how to dance']",['teaching'],classification,"1,2"
1124,1124,1030041880.jpg#3r1e,entailment,A woman in a green skirt and white tank top singing into a microphone.,A woman sings.,Singing into a microphone is a form of sings., A woman in a green skirt and white tank top *singing* *into* *a* *microphone.*, A woman *sings.*,"Woman in a green skirt is a type of woman, and singing into a microphone is a rephrasing of sings.", A *woman* *in* *a* *green* *skirt* and white tank top *singing* *into* *a* *microphone.*, A *woman* *sings.*,Both sentences state that the woman is singing., A *woman* in a green skirt and white tank top *singing* into a microphone., A *woman* *sings.*,['singing into a microphone'],['sings'],"['woman in a green skirt', 'singing into a microphone']",['woman sings'],"['woman', 'singing']",['woman sings'],classification,"1,2"
1369,1369,2870426310.jpg#2r1e,entailment,Two little girls and one little boy are running on the grass.,Three kids are running.,Two little girls and one little boy also describes three kids., *Two* *little* *girls* *and* *one* *little* *boy* are running on the grass., *Three* *kids* are running.,"Two little girls and one little boy are three kids, and running on the grass is a type of running.", *Two* *little* *girls* *and* *one* *little* *boy* are *running* *on* *the* *grass.*, *Three* *kids* are *running.*,Girls and boy are a type of kids., Two little *girls* and one little *boy* are running on the grass., Three *kids* are running.,['Two little girls and one little boy'],['Three kids'],"['Two little girls and one little boy', 'running on the grass']","['Three kids', 'running']","['girls', 'boy']",['kids'],classification,"2,3"
1656,1656,4546261932.jpg#3r1e,entailment,Reflections of people walking in a big city.,Several folks stroll through the city.,Reflections of people imply the actual presence of people; folks are people; strolling is a type of walking; 'through the city' does not contradict being 'in a big city'., *Reflections* *of* *people* *walking* *in* *a* *big* *city.*, Several *folks* *stroll* *through* *the* *city.*,People are walking in the city., Reflections of *people* *walking* in a big city., Several folks stroll through the *city.*,"People are several folks, and stroll is a type of walking.", Reflections of *people* *walking* in a big city., *Several* *folks* *stroll* through the city.,['Reflections of people walking in a big city'],['folks stroll through the city'],['people walking'],['city'],['people walking'],['Several folks stroll'],classification,"1,3"
1666,1666,2169709244.jpg#1r1e,entailment,A little girl in a blue dress is sitting on a red you tractor.,A girl sits on a vehicle.,The girl sits on a vehicle because she is sitting on a tractor., A little girl in a blue dress is *sitting* on a red you *tractor.*, A girl *sits* on a *vehicle.*,A tractor is a kind of vehicle., A little girl in a blue dress is sitting on a red you *tractor.*, A girl sits on a *vehicle.*,"Little girl is a girl, and tractor is a type of vehicle.", A *little* *girl* in a blue dress is sitting on a red you *tractor.*, A *girl* sits on a *vehicle.*,"['sitting', 'tractor']","['sits', 'vehicle']",['tractor'],['vehicle'],"['little girl', 'tractor']","['girl', 'vehicle']",classification,"2,3"
1841,1841,3036894037.jpg#1r1e,entailment,Two commandos with gun by a staircase and an old man holding a hat is sitting on the stairs.,Two soldiers carry weapons.,Commandos are soldiers and if they are with gun then they carry weapons., Two *commandos* *with* *gun* by a staircase and an old man holding a hat is sitting on the stairs., Two *soldiers* *carry* *weapons.*,Commandos are a type of soldiers.  With gun means they carry weapons., Two *commandos* *with* *gun* by a staircase and an old man holding a hat is sitting on the stairs., Two *soldiers* *carry* *weapons.*,Commandos are a type of soldier and they carry weapons such as a gun., Two *commandos* with *gun* by a staircase and an old man holding a hat is sitting on the stairs., Two *soldiers* carry *weapons.*,['commandos with gun'],['soldiers carry weapons'],['commandos with gun'],['soldiers carry weapons'],"['commandos', 'gun']","['soldiers', 'weapons']",classification,"2,3"
1885,1885,7760172752.jpg#3r1e,entailment,A middle-aged man works under the engine of a train on rail tracks.,A guy is working on a train.,The guy is middle-aged., A *middle-aged* man works under the *engine* of a train on rail tracks., A guy is working on a train.,"Middle-aged man is a type of guy, and works under is a paraphrase of working.", A *middle-aged* *man* *works* *under* the engine of a train on rail tracks., A *guy* is *working* on a train.,A middle-aged man and guy suggest the same type of individual by age and gender., A *middle-aged* *man* works under the engine of a *train* on rail tracks., A *guy* is working on a *train.*,"['middleaged', 'engine']",[],['middleaged man works under'],"['guy', 'working']","['middleaged man', 'train']","['guy', 'train']",classification,"2,3"
2416,2416,481887827.jpg#3r1e,entailment,A group of people sit before a campfire.,People are around a fire,People who sit at a campfire at around a fire., A group of people *sit* before a *campfire.*, People are *around* a *fire*,"A campfire is a type of fire, and people are around it because they are sitting by it.", A group of *people* *sit* *before* *a* *campfire.*, *People* *are* *around* *a* *fire*,"People infers a group of people, and a campfire is a type of fire.", A *group* *of* *people* sit before a *campfire.*, *People* are *around* *a* *fire*,"['sit', 'campfire']","['around', 'fire']",['people sit before a campfire'],['People are around a fire'],"['group of people', 'campfire']","['People', 'around a fire']",classification,"2,3"
2719,2719,4637947642.jpg#4r1e,entailment,A man in a gray wife beater grilling.,The man is cooking.,Grilling is a form of cooking., A man in a gray wife beater *grilling.*, The man is *cooking.*,"Man in a gray wife beater is a type of man, and grilling implies cooking.", A *man* *in* *a* *gray* *wife* *beater* *grilling.*, The *man* is *cooking.*,A man grilling is a man who is cooking., A man in a gray wife beater *grilling.*, The man is *cooking.*,['grilling'],['cooking'],['man in a gray wife beater grilling'],"['man', 'cooking']",['grilling'],['cooking'],classification,"1,2"
2808,2808,5090324042.jpg#4r1e,entailment,A man is singing on stage with his fingers in a stuffed bear's nose.,A man is entertaining on stage by singing and putting his fingers in a stuffed animal.,Singing on stage is a form of entertaining on stage., A man is *singing* *on* *stage* with his fingers in a stuffed bear's nose., A man is *entertaining* *on* *stage* by singing and putting his fingers in a stuffed animal.,Singing is a form of entertaining. A stuffed bear's nose is the nose of a stuffed animal., A man is *singing* on stage with his fingers in a *stuffed* *bear's* nose., A man is *entertaining* on stage by singing and putting his fingers in a *stuffed* *animal.*,A man is singing and it is mentioned in both the sentences., A *man* is *singing* on stage with his fingers in a stuffed bear's nose., A *man* is entertaining on stage by *singing* and putting his fingers in a stuffed animal.,['singing on stage'],['entertaining on stage'],"['singing', 'stuffed bears']","['entertaining', 'stuffed animal']","['man', 'singing']","['man', 'singing']",classification,"1,2"
2991,2991,4343682191.jpg#1r1e,entailment,A woman in black framed glasses peruses a photo album while sitting in a red wicker chair.,There is a lady with a book.,A woman is also a lady and the book is the photo album., A *woman* in black framed glasses peruses a *photo* *album* while sitting in a red wicker chair., There is a *lady* with a *book.*,"Woman in black framed glasses is a type of lady, and photo album is a type of book.", A *woman* *in* *black* *framed* *glasses* peruses a *photo* *album* while sitting in a red wicker chair., There is a *lady* with a *book.*,The lady is looking through a photo album which is a type of book., A *woman* in black framed glasses peruses *a* *photo* *album* while sitting in a red wicker chair., There is a *lady* *with* *a* *book.*,"['woman', 'photo album']","['lady', 'book']","['woman in black framed glasses', 'photo album']","['lady', 'book']","['woman', 'a photo album']",['lady with a book'],classification,"2,3"
3045,3045,3530502404.jpg#2r1e,entailment,Man in skeleton-printed leather outfit sitting astride a red motorcycle.,A man sits on a motorcycle.,A red motorcycle is a type of motorcycle., Man in skeleton-printed leather outfit sitting astride a *red* *motorcycle.*, A man sits on a *motorcycle.*,The motorcycle is red., Man in skeleton-printed leather outfit sitting astride a *red* motorcycle., A man sits on a *motorcycle.*,"Astride a red motorcycle is a rephrasing of sits on a motorcycle, and man in skeleton-printed leather is a type of man.", *Man* *in* *skeleton-printed* *leather* outfit sitting *astride* *a* *red* *motorcycle.*, A *man* *sits* *on* *a* *motorcycle.*,['red motorcycle'],['motorcycle'],['red'],['motorcycle'],"['Man in skeletonprinted leather', 'astride a red motorcycle']",['man sits on a motorcycle'],classification,"1,3"
3112,3112,538638526.jpg#0r1e,entailment,Blond woman wearing a red shirt and white pants stands on a garbage can as she holds a camera.,A blond woman stands on a garbage can.,Blond woman wearing a red shirt is a type of blond woman., *Blond* *woman* *wearing* *a* *red* *shirt* and white pants stands on a garbage can as she holds a camera., A *blond* *woman* stands on a garbage can.,A woman hold a camera., Blond woman wearing a red shirt and white pants stands on a garbage can as she *holds* a *camera.*, A blond *woman* stands on a garbage can.,Blond woman wearing a red shirt is a type of blond woman., *Blond* *woman* *wearing* *a* *red* *shirt* and white pants stands on a garbage can as she holds a camera., A *blond* *woman* stands on a garbage can.,['Blond woman wearing a red shirt'],['blond woman'],"['holds', 'camera']",['woman'],['Blond woman wearing a red shirt'],['blond woman'],classification,"1,3"
3189,3189,3486059684.jpg#1r1e,entailment,The restaurant employee is preparing sandwiches in the highly decorated kitchen.,A service worker is making food in a nice kitchen.,I restaurant employee is a type of service worker., The *restaurant* *employee* is preparing sandwiches in the highly decorated kitchen., A *service* *worker* is making food in a nice kitchen.,"Restaurant employee is a type of service worker, and preparing sandwiches is making food.", The *restaurant* *employee* is *preparing* *sandwiches* in the highly decorated kitchen., A *service* *worker* is *making* *food* in a nice kitchen.,Service worker is to employee as making food is to preparing sandwiches., The restaurant *employee* is *preparing* *sandwiches* in the highly decorated kitchen., A *service* *worker* is *making* *food* in a nice kitchen.,['restaurant employee'],['service worker'],"['restaurant employee', 'preparing sandwiches']","['service worker', 'making food']","['employee', 'preparing sandwiches']","['service worker', 'making food']",classification,"1,2"
3226,3226,5650197379.jpg#2r1e,entailment,A man in his skateboard jumping over a grocery cart as his friends in the back watch.,The man has friends.,Man in his skateboard is a type of man., A *man* *in* *his* *skateboard* jumping over a grocery cart as his friends in the back watch., The *man* has friends.,"Man in his skateboard is a type of man, and friends in the back are a type of friends.", A *man* *in* *his* *skateboard* jumping over a grocery cart as his *friends* *in* *the* *back* watch., The *man* has *friends.*,"A man is a man, and ""has friends"" is a rephrasing of ""his friends.", A *man* in his skateboard jumping over a grocery cart as *his* *friends* in the back watch., The *man* *has* *friends.*,['man in his skateboard'],['man'],"['man in his skateboard', 'friends in the back']","['man', 'friends']","['man', 'his friends']",['man has friends'],classification,"1,2"
3268,3268,2218743570.jpg#4r1n,entailment,A husky and a black cat nuzzling.,A dog and cat are friendly.,nuzzling refers to friendly, A husky and a black cat *nuzzling.*, A dog and cat are *friendly.*,"Husky is a kind of dog, and nuzzling implies are friendly.", A *husky* and a black cat *nuzzling.*, A *dog* and cat *are* *friendly.*,"A husky is a type of dog, and ""nuzzling"" is a friendly behavior between animals.", A *husky* and a black *cat* *nuzzling.*, A *dog* and *cat* are *friendly.*,['nuzzling'],['friendly'],"['husky', 'nuzzling']","['dog', 'are friendly']","['husky', 'cat nuzzling']","['dog', 'cat', 'friendly']",classification,"2,3"
3270,3270,7475756284.jpg#2r1e,entailment,A female acrobat wearing a red and white striped shirt and blue pants performs on a pole.,A female acrobat performs on a pole.,A female acrobat wearing a red and white striped shirt is a type of female acrobat., *A* *female* *acrobat* *wearing* *a* *red* *and* *white* *striped* *shirt* and blue pants performs on a pole., A *female* *acrobat* performs on a pole.,Female acrobat wearing a red and white striped shirt is a type of female acrobat., A *female* *acrobat* *wearing* *a* *red* *and* *white* *striped* *shirt* and blue pants performs on a pole., A *female* *acrobat* performs on a pole.,"An acrobat on a pole, performs on a pole.", A female *acrobat* wearing a red and white striped shirt and blue pants performs *on* a *pole.*, A female acrobat *performs* on a *pole.*,['A female acrobat wearing a red and white striped shirt'],['female acrobat'],['female acrobat wearing a red and white striped shirt'],['female acrobat'],"['acrobat', 'on', 'pole']","['performs', 'pole']",classification,"1,2"
3307,3307,4968323199.jpg#1r1e,entailment,Man with dark shirt in work gloves and a helmet that has a yellow flashlight attached.,A man with gloves and a flashlight.,A man with gloves and a flashlight is rephrasing man in work gloves that has a yellow jacket by shortening it., *Man* with dark shirt *in* *work* *gloves* and a helmet *that* *has* *a* *yellow* *flashlight* attached., A *man* *with* *gloves* *and* *a* *flashlight.*,There are both a man with gloves a type of flashlight in each scene., Man with dark shirt in work *gloves* and a helmet that has a yellow *flashlight* attached., A man with *gloves* and a *flashlight.*,A man with gloves and a flashlight is an abbreviated form of Man with dark shirt in work gloves and a helmet that has a yellow flashlight attached, *Man* with dark shirt *in* *work* *gloves* and a helmet *that* *has* *a* *yellow* *flashlight* attached., A *man* *with* *gloves* *and* *a* *flashlight.*,"['Man', 'in work gloves', 'that has a yellow flashlight']",['man with gloves and a flashlight'],"['gloves', 'flashlight']","['gloves', 'flashlight']","['Man', 'in work gloves', 'that has a yellow flashlight']",['man with gloves and a flashlight'],classification,"2,3"
3337,3337,572163357.jpg#4r1e,entailment,Person in yellow shirt is cleaning the way.,Someone wearing yellow is doing work.,Answer: Someone is the person in yellow shirt and his work is cleaning the way., *Person* *in* *yellow* *shirt* is *cleaning* the *way.*, *Someone* wearing yellow is doing *work.*,Cleaning is a form of work., Person in yellow shirt is *cleaning* the way., Someone wearing yellow is doing *work.*,Cleaning is a form of work., Person in yellow shirt is *cleaning* the way., Someone wearing yellow is doing *work.*,"['Person in yellow shirt', 'cleaning', 'way']","['Someone', 'work']",['cleaning'],['work'],['cleaning'],['work'],classification,"2,3"
3588,3588,1255599434.jpg#0r1e,entailment,Two young boys in swimming trunks are in the water looking at each other.,The boys look at each other,"Boys is the plural form of boy, and they are looking at each other.", *Two* young *boys* in swimming trunks are in the water *looking* at *each* *other.*, The *boys* *look* at *each* *other*,Young boys are a type of boy., Two *young* *boys* in swimming trunks are in the water looking at each other., The *boys* look at each other,The boys look at each other and it is mentioned in both the sentences., Two young *boys* in swimming trunks are in the water *looking* *at* *each* *other.*, The *boys* *look* *at* *each* *other*,"['Two', 'boys', 'looking', 'each other']","['boys look', 'each other']",['young boys'],['boys'],"['boys', 'looking at each other']",['boys look at each other'],classification,"1,2"
3764,3764,3308612894.jpg#0r1e,entailment,"A worried blond-haired baby is sitting inside a large, shiny metal cooking pot that is on top of an electric stove.",A baby in a pot on the stove.,"Baby in a pot is a rephrasing of ""a baby sitting inside a pot""."," A worried blond-haired *baby* *is* *sitting* *inside* a large, shiny metal cooking *pot* that is on top of an electric stove.", A *baby* *in* *a* *pot* on the stove.,A baby sitting inside a cooking pot is in it.  An electric stove is a type of stove.," A worried blond-haired *baby* is *sitting* *inside* *a* large, shiny metal cooking *pot* that is on top of an *electric* *stove.*", A *baby* *in* *a* *pot* on the *stove.*,"Blond-haired baby is a type of baby, and cooking pot is a type of pot."," A worried *blond-haired* *baby* is sitting inside a large, shiny metal *cooking* *pot* that is on top of an electric stove.", A *baby* in a *pot* on the stove.,"['baby is sitting inside', 'pot']",['baby in a pot'],"['baby', 'sitting inside a', 'pot', 'electric stove']","['baby in a pot', 'stove']","['blondhaired baby', 'cooking pot']","['baby', 'pot']",classification,"2,3"
3820,3820,2276230068.jpg#3r1e,entailment,A boy wearing orange star glasses is sitting down holding a toy hammer.,A boy wearing glasses is sitting while holding a toy hammer.,Orange star glasses are a type of glasses., A boy wearing *orange* *star* *glasses* is sitting down holding a toy hammer., A boy wearing *glasses* is sitting while holding a toy hammer.,There is both a boy with glasses and a toy hammer., A boy wearing orange star *glasses* is sitting down holding a *toy* *hammer.*, A boy wearing *glasses* is sitting while holding a *toy* *hammer.*,"Orange star glasses is a form of glasses, and sitting down holding a toy hammer is a paraphrase of sitting while holding a toy hammer.", A boy wearing *orange* *star* *glasses* is *sitting* *down* *holding* *a* *toy* *hammer.*, A boy wearing *glasses* is *sitting* *while* *holding* *a* *toy* *hammer.*,['orange star glasses'],['glasses'],"['glasses', 'toy hammer']","['glasses', 'toy hammer']","['orange star glasses', 'sitting down holding a toy hammer']","['glasses', 'sitting while holding a toy hammer']",classification,"1,3"
3987,3987,3440104178.jpg#0r1e,entailment,A white dog with brown ears runs down a gravel path with a ball in its mouth.,A dog runs down a path.,White dog with brown ears is a type of dog., A *white* *dog* *with* *brown* *ears* runs down a gravel path with a ball in its mouth., A *dog* runs down a path.,"A white dog with brown ears is a type of dog, and a gravel path is a type of path.", A *white* *dog* *with* *brown* *ears* runs down a *gravel* *path* with a ball in its mouth., A *dog* runs down a *path.*,A white dog is a god as part of its description running down a (gravel) path., A *white* *dog* with brown ears *runs* down a *gravel* *path* with a ball in its mouth., A *dog* runs down a *path.*,['white dog with brown ears'],['dog'],"['white dog with brown ears', 'gravel path']","['dog', 'path']","['white dog', 'runs', 'gravel path']","['dog', 'path']",classification,"1,2"
4042,4042,4463424891.jpg#4r1e,entailment,A small child playing in a dusty square.,A child is playing.,Child playing in a dusty square is a form of playing., A small *child* *playing* *in* *a* *dusty* *square.*, A child is *playing.*,Small child is a type of child., A *small* *child* playing in a dusty square., A *child* is playing.,A child is a child. Playing is playing., A small *child* *playing* in a dusty square., A *child* is *playing.*,['child playing in a dusty square'],['playing'],['small child'],['child'],['child playing'],"['child', 'playing']",classification,"1,2"
4056,4056,147236031.jpg#1r1e,entailment,An Asian woman is looking at the camera while trimming asparagus.,Woman cuts vegetables.,Trimming is a form of cutting.  An asparagus is a type of vegetable., An Asian woman is looking at the camera while *trimming* *asparagus.*, Woman *cuts* *vegetables.*,"Asian woman is a woman, and trimming asparagus is a type of cuts vegetables.", An *Asian* *woman* is looking at the camera while *trimming* *asparagus.*, *Woman* *cuts* *vegetables.*,trimming asparagus refer to cuts asparagus, An Asian woman is looking at the camera while *trimming* *asparagus.*, Woman *cuts* *vegetables.*,['trimming asparagus'],['cuts vegetables'],"['Asian woman', 'trimming asparagus']",['Woman cuts vegetables'],['trimming asparagus'],['cuts vegetables'],classification,"1,2"
4485,4485,3457794471.jpg#1r1e,entailment,A young girl in her school uniform dances in a water sculpture in the middle of a crowded public square.,The girl is wearing a uniform.,"""The girl is wearing a uniform"" is a rephrasing of ""girl in her school uniform.""", A young *girl* in her school *uniform* dances in a water sculpture in the middle of a crowded public square., The *girl* is *wearing* a *uniform.*,School uniform describes the kind of uniform the girl wears., A young girl in her *school* *uniform* dances in a water sculpture in the middle of a crowded public square., The girl is wearing a *uniform.*,"Young girl is a girl, and school uniform is a type of uniform.", A *young* *girl* in her *school* *uniform* dances in a water sculpture in the middle of a crowded public square., The *girl* is wearing a *uniform.*,"['girl', 'uniform']","['girl', 'wearing', 'uniform']",['school uniform'],['uniform'],"['young girl', 'school uniform']","['girl', 'uniform']",classification,"2,3"
4828,4828,174466741.jpg#1r1e,entailment,A young girl wearing a pink shirt and jeans is running through a flowered field.,A girl is in the field.,Running through a flowered field is a type of field., A young girl wearing a pink shirt and jeans is *running* *through* *a* *flowered* *field.*, A girl is in the *field.*,A girl is running in the field wearing jeans., A young girl *wearing* a pink shirt and *jeans* is *running* through a flowered field., A *girl* is *in* *the* *field.*,"Young girl is a type of girl, and a flowered field is a type of field.", A *young* *girl* wearing a pink shirt and jeans is running through a *flowered* *field.*, A *girl* is in the *field.*,['running through a flowered field'],['field'],"['wearing', 'jeans', 'running']","['girl', 'in the field']","['young girl', 'flowered field']","['girl', 'field']",classification,"1,3"
5303,5303,3411579899.jpg#1r1e,entailment,Mountain biking in a forest during the early fall.,Bicycling through the woods in the Autumn.,Mountain biking is a type of bicycling., *Mountain* *biking* in a forest during the early fall., *Bicycling* through the woods in the Autumn.,"Mountain biking is a type of bicycling, and forest is woods.", *Mountain* *biking* in a *forest* during the early fall., *Bicycling* through the *woods* in the Autumn.,Mountain biking uses bikes and can thus be generically called bicycling. The woods is another word for forest. Autumn is another word for the season of fall., *Mountain* *biking* in a *forest* during the early *fall.*, *Bicycling* through the *woods* in the *Autumn.*,['Mountain biking'],['Bicycling'],"['Mountain biking', 'forest']","['Bicycling', 'woods']","['Mountain biking', 'forest', 'fall']","['Bicycling', 'woods', 'Autumn']",classification,"1,2"
5574,5574,3549673305.jpg#0r1e,entailment,A man in a leather jacket with the collar popped kisses the neck of a woman in a gray coat wearing a white scarf.,a guy with a jacket kisses a woman with a scarf,"Man is guy, and leather jacket is a form of jacket.", A *man* in a *leather* *jacket* with the collar popped kisses the neck of a woman in a gray coat wearing a white scarf., a *guy* with a *jacket* kisses a woman with a scarf,Leather describes the type of jacket., A man in a *leather* *jacket* with the collar popped kisses the neck of a woman in a gray coat wearing a white scarf., a guy with a *jacket* kisses a woman with a scarf,A GUY KISSES A WOMAN, A man in a leather jacket with the collar popped *kisses* the neck of a woman in a gray coat wearing a white scarf., a *guy* with a jacket kisses a *woman* with a scarf,"['man', 'leather jacket']","['guy', 'jacket']",['leather jacket'],['jacket'],['kisses'],"['guy', 'woman']",classification,"1,2"
5623,5623,3476709230.jpg#3r1e,entailment,A group of kids are playing on a tire swing.,Some kids are playing on a swing.,"Group of kids are some kids, and tire swing is a type of swing.", A *group* *of* *kids* are playing on a *tire* *swing.*, *Some* *kids* are playing on a *swing.*,"""Some kids"" is a rephrasing of ""group of kids."" Plus, a tire swing is a type of swing.", A *group* *of* *kids* are playing on a *tire* *swing.*, *Some* *kids* are playing on a *swing.*,The swing the children are playing on is made from a tire., A group of *kids* are *playing* on a tire *swing.*, Some *kids* are playing on a swing.,"['group of kids', 'tire swing']","['Some kids', 'swing']","['group of kids', 'tire swing']","['Some kids', 'swing']","['kids', 'playing', 'swing']",['kids'],classification,"1,2"
5659,5659,136644885.jpg#1r1e,entailment,A woman wearing a white shirt and jeans crosses a rope bridge in a wooded area.,A woman wearing a white shirt crosses a bridge in a wooded area.,A rope bridge is a type of bridge, A woman wearing a white shirt and jeans crosses a *rope* *bridge* in a wooded area., A woman wearing a white shirt crosses a *bridge* in a wooded area.,"Woman wearing a white shirt and jeans is a type of woman, and crosses a rope bridge is a paraphrasing of crosses a bridge.", A *woman* *wearing* *a* *white* *shirt* *and* *jeans* *crosses* *a* *rope* *bridge* in a wooded area., A *woman* wearing a white shirt *crosses* *a* *bridge* in a wooded area.,The area is wooded., A woman wearing a white shirt and jeans crosses a rope bridge in a wooded *area.*, A woman wearing a white shirt crosses a bridge in a *wooded* area.,['rope bridge'],['bridge'],['woman wearing a white shirt and jeans crosses a rope bridge'],"['woman', 'crosses a bridge']",['area'],['wooded'],classification,"1,2"
5763,5763,5960769829.jpg#3r1e,entailment,A person in an orange kayak navigates white water rapids.,A PERSON IS IN A BOAT.,A kayak is a type of boat., A person in an orange *kayak* navigates white water rapids., A PERSON IS IN A *BOAT.*,An orange kayak is a type of boat., A person in an *orange* *kayak* navigates white water rapids., A PERSON IS IN A *BOAT.*,A kayak is a type of boat., A person in an orange *kayak* navigates white water rapids., A PERSON IS IN A *BOAT.*,['kayak'],['BOAT'],['orange kayak'],['BOAT'],['kayak'],['BOAT'],classification,"1,2,3"
6163,6163,303103123.jpg#1r1e,entailment,Three girls are sitting at desks and appear to be working intently.,Three young people are seated.,Girls is a form of young people., Three *girls* are sitting at desks and appear to be working intently., Three *young* *people* are seated.,Girls are young people. Sitting is the present form of seated., Three *girls* are *sitting* at desks and appear to be working intently., Three *young* *people* are *seated.*,"Three girls are three young people, and sitting is a paraphrase of are seated.", *Three* *girls* are *sitting* at desks and appear to be working intently., *Three* *young* *people* *are* *seated.*,['girls'],['young people'],"['girls', 'sitting']","['young people', 'seated']","['Three girls', 'sitting']",['Three young people are seated'],classification,"1,2"
6359,6359,4851047049.jpg#3r1e,entailment,A man playing a guitar while a woman in a checks the oven.,A man plays an instrument.,A guitar is an instrument., A man playing a *guitar* while a woman in a checks the oven., A man plays an *instrument.*,A guitar is a type of instrument., A man playing a *guitar* while a woman in a checks the oven., A man plays an *instrument.*,A guitar is a type of instrument and man playing a guitar is a more specific way of saying a man plays an instrument., A *man* *playing* a *guitar* while a woman in a checks the oven., A *man* *plays* an *instrument.*,['guitar'],['instrument'],['guitar'],['instrument'],"['man playing', 'guitar']","['man plays', 'instrument']",classification,"2,3"
6401,6401,4950416860.jpg#3r1e,entailment,A man in a canoe throwing a yellow net into the water.,A man is in a boat,Canoe is a type of boat., A man in a *canoe* throwing a yellow net into the water., A man is in a *boat*,"A canoe is a boat, therefore a man in a boat or a canoe is the same thing only rephrased and less specific about the type of boat.", A *man* *in* *a* *canoe* throwing a yellow net into the water., A *man* *is* *in* *a* *boat*,Canoe is a type of boat., A man in a *canoe* throwing a yellow net into the water., A man is in a *boat*,['canoe'],['boat'],['man in a canoe'],['man is in a boat'],['canoe'],['boat'],classification,"1,2,3"
6572,6572,2360775984.jpg#1r1e,entailment,A man inspects the uniform of a figure in some East Asian country.,Someone is wearing a uniform,The figure is wearing a uniform., A man inspects the uniform of a *figure* in some East Asian country., Someone is wearing a *uniform*,"Wearing a uniform is a rephrasing of ""the uniform of a figure"".", A man inspects *the* *uniform* *of* *a* *figure* in some East Asian country., Someone is *wearing* *a* *uniform*,If someone is inspecting the uniform of a figure then someone is wearing a uniform., A man inspects *the* *uniform* *of* *a* *figure* *in* some East Asian country., *Someone* is *wearing* a *uniform*,['figure'],['uniform'],['the uniform of a figure'],['wearing a uniform'],['the uniform of a figure in'],"['Someone', 'wearing', 'uniform']",classification,"2,3"
6576,6576,4897542943.jpg#3r1e,entailment,A man in the street is playing drums on old cans.,A man is making music,Playing drums implies the man would make music., A man in the street is *playing* *drums* on old cans., A man is *making* *music*,Playing drums is a form of making music., A man in the street is *playing* *drums* on old cans., A man is *making* *music*,"Playing drums is making music, and man in the street is a type of man.", A *man* *in* *the* *street* is *playing* *drums* on old cans., A *man* is *making* *music*,['playing drums'],['making music'],['playing drums'],['making music'],"['man in the street', 'playing drums']","['man', 'making music']",classification,"2,3"
6745,6745,333216446.jpg#4r1e,entailment,A man with a gray beard and an apron smiles.,A man smiling.,Smiling is a continuous form of smiles., A man with a gray beard and an apron *smiles.*, A man *smiling.*,Man with a gray beard is a type of man., A *man* *with* *a* *gray* *beard* and an apron smiles., A *man* smiling.,A man with apron smiles is inferred as a man smiling., *A* *man* *with* a gray beard and an *apron* *smiles.*, *A* *man* *smiling.*,['smiles'],['smiling'],['man with a gray beard'],['man'],"['A man with', 'apron smiles']",['A man smiling'],classification,"1,2"
7086,7086,2890120770.jpg#0r1e,entailment,A man with a striped shirt looks at a load of green and yellow vegetables on the back of a truck.,A man looks at a pile of colored vegetables on a car outside.,"A load of green and yellow vegetables is a pile of colored vegetables, and truck is a form of car.", A man with a striped shirt looks at *a* *load* *of* *green* *and* *yellow* *vegetables* on the back of a *truck.*, A man looks at *a* *pile* *of* *colored* *vegetables* on a *car* outside.,"Man with a striped shirt is a kind of man, and green and yellow vegetables are colored vegetables.", A *man* *with* *a* *striped* *shirt* looks at a load of *green* *and* *yellow* *vegetables* on the back of a truck., A *man* looks at a pile of *colored* *vegetables* on a car outside.,A man is loading a colored vegetables on a truck, A man with a striped shirt looks at a load of green and yellow *vegetables* on the back of a *truck.*, A *man* looks at a pile of *colored* vegetables on a car outside.,"['a load of green and yellow vegetables', 'truck']","['a pile of colored vegetables', 'car']","['man with a striped shirt', 'green and yellow vegetables']","['man', 'colored vegetables']","['vegetables', 'truck']","['man', 'colored']",classification,"1,2"
7206,7206,2393924525.jpg#0r1e,entailment,A woman dressed in a blue tennis outfit is returning a hit with her tennis racket,A woman is playing sports.,"When you are returning a hit, you are playing a sport.  Tennis is a type of sports.", A woman dressed in a blue *tennis* outfit is *returning* *a* *hit* with her tennis racket, A woman is *playing* *sports.*,"Woman dressed in a blue tennis outfit is a type of woman, and hit with her tennis racket implies playing sports.", A *woman* *dressed* *in* *a* *blue* *tennis* *outfit* is returning a *hit* *with* *her* *tennis* *racket*, A *woman* is *playing* *sports.*,Returning a hit shows that she is playing sports, A woman dressed in a blue tennis outfit is *returning* *a* *hit* with her tennis racket, A woman is *playing* *sports.*,"['tennis', 'returning a hit']",['playing sports'],"['woman dressed in a blue tennis outfit', 'hit with her tennis racket']","['woman', 'playing sports']",['returning a hit'],['playing sports'],classification,"1,2"
7284,7284,3182517887.jpg#1r1e,entailment,A man with a tattoo is wearing sunglasses while holding a small boy.,There is a man with body art who is holding a young person.,Tattoo is body art., A man with a *tattoo* is wearing sunglasses while holding a small boy., There is a man with *body* *art* who is holding a young person.,"The has a tattoo which is a type of body art, and he is holding a small boy who is also a young person.", A *man* *with* *a* *tattoo* is wearing sunglasses while *holding* *a* *small* *boy.*, There is a *man* *with* *body* *art* who is *holding* *a* *young* *person.*,"Tattoo is a form of body art, and small boy is a young person", A man with a *tattoo* is wearing sunglasses while holding a *small* *boy.*, There is a man with *body* *art* who is holding a *young* *person.*,['tattoo'],['body art'],"['man with a tattoo', 'holding a small boy']","['man with body art', 'holding a young person']","['tattoo', 'small boy']","['body art', 'young person']",classification,"2,3"
7330,7330,4688301633.jpg#3r1n,entailment,A surgeon is performing an open surgery.,A doctor is doing some kind of medical operation.,A surgeon is a doctor and if he is performing an open surgery then he is surely doing some kind of medical operation., A surgeon is *performing* *an* *open* *surgery.*, A doctor is *doing* *some* *kind* *of* *medical* *operation.*,"Surgery is a synonym for operation, and surgeon is a type of doctor.", A *surgeon* is performing an open *surgery.*, A *doctor* is doing some kind of medical *operation.*,A doctor is doing a surgery, A surgeon is performing an open *surgery.*, A *doctor* is doing some kind of medical operation.,['performing an open surgery'],['doing some kind of medical operation'],"['surgeon', 'surgery']","['doctor', 'operation']",['surgery'],['doctor'],classification,"1,2"
7332,7332,4688301633.jpg#3r1e,entailment,A surgeon is performing an open surgery.,A doctor is doing surgery.,A surgeon is a doctor., A *surgeon* is performing an open surgery., A *doctor* is doing surgery.,"Surgeon is a doctor, and open surgery is a type of surgery.", A *surgeon* is performing an *open* *surgery.*, A *doctor* is doing *surgery.*,A surgeon is a special kind of doctor. Performing is synonym of doing., A *surgeon* is *performing* an open surgery., A *doctor* is *doing* surgery.,['surgeon'],['doctor'],"['surgeon', 'open surgery']","['doctor', 'surgery']","['surgeon', 'performing']","['doctor', 'doing']",classification,"2,3"
7378,7378,221597303.jpg#0r1n,entailment,A young boy walking in the park dressed in dark clothes and dark cap.,A young boy wandering in the park dressed in dark clothes and dark cap.,Wandering can include walking., A *young* boy *walking* in the park dressed in dark clothes and dark cap., A *young* boy *wandering* in the park dressed in dark clothes and dark cap.,Wandering is a form of walking., A young boy *walking* in the park dressed in dark clothes and dark cap., A young boy *wandering* in the park dressed in dark clothes and dark cap.,Walking can be a form of wandering., A young boy *walking* in the *park* dressed in dark clothes and dark cap., A young *boy* *wandering* in the *park* dressed in dark clothes and dark cap.,"['young', 'walking']","['young', 'wandering']",['walking'],['wandering'],"['walking', 'park']","['boy wandering', 'park']",classification,"2,3"
7383,7383,3523115345.jpg#4r1e,entailment,A female researcher videotaping a specimen.,A female is recording her research. `,Videotaping is recording., A female researcher *videotaping* a specimen., A female is *recording* her research. `,Videotaping is a form of recording., A female researcher *videotaping* a specimen., A female is *recording* her research. `,"Female researcher is a female, and videotaping is a form of recording.", A *female* *researcher* *videotaping* a specimen., A *female* is *recording* her research. `,['videotaping'],['recording'],['videotaping'],['recording'],['female researcher videotaping'],"['female', 'recording']",classification,"2,3"
7643,7643,4630881369.jpg#1r1e,entailment,Boy with white powder and blue writing on his face,A boy with a painted face.,White powder and blue writing is paint., Boy with *white* *powder* *and* *blue* *writing* on his face, A boy with a *painted* face.,"Boy with white powder is a type of boy, and blue writing on his face is a paraphrase of painted face.", *Boy* *with* *white* *powder* and *blue* *writing* *on* *his* *face*, A *boy* with a *painted* *face.*,White powder and blue writing on his face is a form of a painted face., Boy with *white* *powder* *and* *blue* *writing* *on* *his* *face*, A boy with a *painted* *face.*,['white powder and blue writing'],['painted'],"['Boy with white powder', 'blue writing on his face']","['boy', 'painted face']",['white powder and blue writing on his face'],['painted face'],classification,"2,3"
7723,7723,2973355135.jpg#4r1e,entailment,two people in a rowboat in a river.,A couple people are in a small boat in the water.,The boat is in the river., two people in a rowboat in a *river.*, A couple people are in a small *boat* in the water.,"A couple is two, a rowboat is a type of small boat, and a river is a body of water.", *two* people in a *rowboat* in a *river.*, A *couple* people are in a *small* *boat* in the *water.*,The phrase a couple people refers to a group of at least two people. A rowboat is a type of boat. A river is a body of water., *two* *people* in a *rowboat* in a *river.*, A *couple* *people* are in a small *boat* in the *water.*,['river'],['boat'],"['two', 'rowboat', 'river']","['couple', 'small boat', 'water']","['two people', 'rowboat', 'river']","['couple people', 'boat', 'water']",classification,"2,3"
7733,7733,7784556054.jpg#1r1e,entailment,two bicyclists in spandex and helmets in a race pedaling uphill.,"A pair of humans are riding their bicycle with tight clothing, competing with each other.",two bicyclists pedaling same as humans competing, *two* *bicyclists* in spandex and helmets in a race *pedaling* uphill.," A pair of *humans* are riding their bicycle with tight clothing, *competing* with each other.","Two humans riding bikes are bicyclists, spandex is tight clothing, and racing is a type of competition.", two *bicyclists* in *spandex* and helmets in a *race* pedaling uphill.," A pair of humans are *riding* *their* *bicycle* with *tight* *clothing,* *competing* with each other.",Two humans are also a pair of bicyclists. Spandex is tight clothing. To race is a form of competing., *two* *bicyclists* *in* *spandex* and helmets in a *race* pedaling uphill.," A *pair* *of* *humans* are riding their bicycle *with* *tight* *clothing,* *competing* with each other.","['two bicyclists', 'pedaling']","['humans', 'competing']","['bicyclists', 'spandex', 'race']","['riding their bicycle', 'tight clothing competing']","['two bicyclists in spandex', 'race']","['pair of humans', 'with tight clothing competing']",classification,"2,3"
7991,7991,533601247.jpg#2r1n,entailment,A boy in sandals is looking at a camera in a busy street.,A boy is looking at electronics near a road,A camera is a type of electronic, A boy in sandals is looking at a *camera* in a busy street., A boy is looking at *electronics* near a road,"The subject of both sentences is ""boy"". A camera is a type of electronic. Street is a synonym for road.", A *boy* in sandals is looking at a *camera* in a busy *street.*, A *boy* is looking at *electronics* near a *road*,Same boy doing the same action. First sentence gives more detail., A *boy* in sandals is looking at a camera in a busy street., A *boy* is looking at electronics near a road,['camera'],['electronics'],"['boy', 'camera', 'street']","['boy', 'electronics', 'road']",['boy'],['boy'],classification,"1,2"
8035,8035,1998457059.jpg#0r1e,entailment,a body boarder is being dumped on the beach by a wave whilst other surfers are standing around in the water.,There are surfers on a beach.,A body boarder is a form of surfers., a *body* *boarder* is being dumped on the beach by a wave whilst other surfers are standing around in the water., There are *surfers* on a beach.,"Beach implies water, and body boarder is a type of surfer.", a *body* *boarder* is being dumped on the beach by a wave whilst other surfers are standing around in the *water.*, There are *surfers* on a *beach.*,Whilst other surfers are standing around in the water means there are surfers on beach., a body boarder is being dumped on the beach by a wave whilst other *surfers* are standing around in the water., There are *surfers* on a *beach.*,['body boarder'],['surfers'],"['body boarder', 'water']","['surfers', 'beach']",['surfers'],"['surfers', 'beach']",classification,"1,2"
8084,8084,761479953.jpg#2r1e,entailment,A young boy wearing safety swimming gear and goggles is in a pool.,A kid uses eye protection while in the water.,A young boy is called a kid and goggles are a form of eye protection., A *young* *boy* wearing safety swimming gear and *goggles* is in a pool., A *kid* uses *eye* *protection* while in the water.,"They have a similar subject (boy, kid) with a similar verb (wearing, uses) and similar direct objects (goggles, eye protection).", A young *boy* *wearing* *safety* swimming gear and *goggles* is in a pool., A *kid* *uses* *eye* *protection* while in the water.,"A young boy is a kid, and goggles are a form of eye protection.", A *young* *boy* wearing safety swimming gear and *goggles* is in a pool., A *kid* uses *eye* protection while in the water.,"['young boy', 'goggles']","['kid', 'eye protection']","['boy wearing safety', 'goggles']",['kid uses eye protection'],"['young boy', 'goggles']","['kid', 'eye']",classification,"1,3"
8101,8101,4591344824.jpg#0r1e,entailment,A man wears a brightly colored ceremonial robe while holding a similarly colored cone shaped hat with a star on top.,He holds robe and hat,A brightly colored ceremonial robe is a type of robe., A man wears *a* *brightly* *colored* *ceremonial* *robe* while holding a similarly colored cone shaped hat with a star on top., He holds *robe* and hat,Cone shaped describes the type of hat., A man wears a brightly colored ceremonial robe while holding a similarly colored *cone* *shaped* *hat* with a star on top., He holds robe and *hat*,team wearing the colors red and white and another team sporting the colors black and blue and holding cone shaped hat can be inferred as holds robe and hat., A man *wears* *a* *brightly* *colored* *ceremonial* *robe* while *holding* a similarly colored *cone* *shaped* *hat* with a star on top., He *holds* *robe* *and* *hat*,['a brightly colored ceremonial robe'],['robe'],['cone shaped hat'],['hat'],"['wears a brightly colored ceremonial robe', 'holding', 'cone shaped hat']",['holds robe and hat'],classification,"1,2"
8123,8123,458183774.jpg#0r1e,entailment,A large tan dog is rolling around on its back in a yard of grass.,A dog is rolling in the grass.,"A large tan dog is a type of dog, and ""rolling"" is a rephrasing of ""rolling around on its back.""", A *large* *tan* *dog* is *rolling* *around* *on* *its* *back* in a yard of grass., A *dog* is *rolling* in the grass.,Rolling in the grass is a more concise way of saying rolling around on its back in a yard of grass., A large tan dog is *rolling* *around* *on* *its* *back* *in* *a* *yard* *of* *grass.*, A dog is *rolling* *in* *the* *grass.*,"Large tan dog is a form of dog, and rolling in the grass is a paraphrase of on its back in a yard of grass.", A *large* *tan* *dog* is rolling around *on* *its* *back* *in* *a* *yard* *of* *grass.*, A *dog* is *rolling* *in* *the* *grass.*,"['large tan dog', 'rolling around on its back']","['dog', 'rolling']",['rolling around on its back in a yard of grass'],['rolling in the grass'],"['large tan dog', 'on its back in a yard of grass']","['dog', 'rolling in the grass']",classification,"1,3"
8156,8156,7228557720.jpg#0r1e,entailment,A man drawing pictures of individuals sits under an umbrella with previous works such as justin beiber around him.,a man is drawing,drawing pictures is a form of drawing., A man *drawing* *pictures* of *individuals* sits under an umbrella with previous works such as justin beiber around him., a man is *drawing*,Drawing pictures is a more specific kind of drawing., A man *drawing* *pictures* of individuals sits under an umbrella with previous works such as justin beiber around him., a man is *drawing*,A man is drawing is a rephrasing of man drawing, A *man* *drawing* pictures of individuals sits under an umbrella with previous works such as justin beiber around him., a *man* *is* *drawing*,"['drawing pictures', 'individuals']",['drawing'],['drawing pictures'],['drawing'],['man drawing'],['man is drawing'],classification,"1,2"
8505,8505,4672131242.jpg#4r1e,entailment,A man in a black shirt is standing behind a blue SUV.,A person is next to a car,A man is a type of person. Standing behind can be considered standing next to. An SUV is a type of car., *A* *man* in a black shirt is *standing* *behind* a blue *SUV.*, A *person* is *next* to a *car*,"Man is a person, and blue SUV is a type of car.", A *man* in a black shirt is standing behind a *blue* *SUV.*, A *person* is next to a *car*,An SUV is a car., A man in a black shirt is standing behind a blue *SUV.*, A person is next to a *car*,"['A man', 'standing behind', 'SUV']","['person', 'next', 'car']","['man', 'blue SUV']","['person', 'car']",['SUV'],['car'],classification,"1,2"
8774,8774,4731709586.jpg#3r1e,entailment,A clown making a balloon animal for a pretty lady.,A clown making balloon shapes for a lady.,A baloon animal is a shape., A clown making a *balloon* *animal* for a pretty lady., A clown making balloon *shapes* for a lady.,A balloon animal is a type of shape and a pretty lady is more specific than lady., A *clown* making a balloon *animal* for a *pretty* lady., A clown making balloon *shapes* for a lady.,"A balloon can be made into many shapes, with an animal being a certain type of shape.", A clown making a *balloon* *animal* for a pretty lady., A clown making *balloon* *shapes* for a lady.,['balloon animal'],['shapes'],"['clown', 'animal', 'pretty']",['shapes'],['balloon animal'],['balloon shapes'],classification,"2,3"
8893,8893,4115814951.jpg#4r1e,entailment,A group of young men are raking lives in front of a home.,Men are doing yard work,Doing yard work involves raking also., A group of young men are *raking* lives in front of a home., Men are doing *yard* *work*,Raking is a form of yard work., A group of young men are *raking* lives in front of a home., Men are doing *yard* *work*,The men are all doing some kind of yard work, A group of young *men* are *raking* *lives* in front of a home., *Men* are *doing* *yard* *work*,['raking'],['yard work'],['raking'],['yard work'],"['men', 'raking lives']","['Men', 'doing yard work']",classification,"2,3"
8961,8961,3089862485.jpg#0r1e,entailment,A man on stage holds a hello kitty guitar and looks to the right of the picture.,The man is holding an instrument in his hands.,A guitar is a type of instrument., A man on stage holds a hello kitty *guitar* and looks to the right of the picture., The man is holding an *instrument* in his hands.,"guitar is a musical instrument, which is always held in hands", A man on stage holds a *hello* *kitty* *guitar* and looks to the right of the picture., The man is holding an *instrument* in his hands.,"Man on stage is a type of man, and hello kitty guitar is a type of instrument.", A *man* *on* *stage* holds a *hello* *kitty* *guitar* and looks to the right of the picture., The *man* is holding an *instrument* in his hands.,['guitar'],['instrument'],['hello kitty guitar'],['instrument'],"['man on stage', 'hello kitty guitar']","['man', 'instrument']",classification,"1,3"
9173,9173,360723732.jpg#1r1e,entailment,A dog with a red object in its mouth is hurrying down a smooth path near grass and another dog.,A dog with a red object in its mouth is hurrying down a path near another dog.,"Sentence 2 is a subset of sentence 1. All the information(dog, object and object color, mouth, path and the other dog) in sentence 2 is present exactly in the same manner in sentence 1.(Additional information is present about the path being smooth as well as it being near grass in sentence 1).", A dog with a red object in its mouth is hurrying down a smooth *path* *near* grass and *another* *dog.*, A dog with a red object in its mouth is hurrying down a *path* *near* *another* *dog.*,Smooth path near grass is a type of path., A dog with a red object in its mouth is hurrying down a *smooth* *path* *near* *grass* and another dog., A dog with a red object in its mouth is hurrying down a *path* near another dog.,A smooth path is a type of path., A dog with a red object in its mouth is hurrying down a *smooth* *path* near grass and another dog., A dog with a red object in its mouth is hurrying down a path near another dog.,"['path near', 'another dog']",['path near another dog'],['smooth path near grass'],['path'],['smooth path'],[],classification,"2,3"
9198,9198,5244225882.jpg#4r1e,entailment,Young man engraves Arabic writing into a stone.,Young man is engraving into a stone.,A young man that engraves Arabic writing into a stone is definitely engraving into a stone., Young man *engraves* *Arabic* *writing* *into* *a* *stone.*, Young man is *engraving* *into* *a* *stone.*,Engraves Arabic writing is a form of engraving., Young man *engraves* *Arabic* *writing* into a stone., Young man is *engraving* into a stone.,Engraves Arabic writing is a more specific type of engraving. The rest of the sentences are identical., Young man *engraves* *Arabic* *writing* into a stone., Young man is *engraving* into a stone.,['engraves Arabic writing into a stone'],['engraving into a stone'],['engraves Arabic writing'],['engraving'],['engraves Arabic writing'],['engraving'],classification,"2,3"
9289,9289,3664928753.jpg#4r1e,entailment,Javelin competition,There is a competition.,Javelin is a specific type of competition., *Javelin* competition, There is a *competition.*,A javelin competition is one kind of competition., *Javelin* *competition*, There is a *competition.*,There must be a competition for a Javelin competition to take place., *Javelin* *competition*, There is a *competition.*,['Javelin'],['competition'],['Javelin competition'],['competition'],['Javelin competition'],['competition'],classification,"1,2"
9362,9362,2042114239.jpg#4r1e,entailment,Two boys laying tile in a bathroom.,Some boys repair a bathroom.,Laying tile is a form of repair., Two boys *laying* *tile* in a bathroom., Some boys *repair* a bathroom.,Laying tile is a form of repair., Two boys *laying* *tile* in a bathroom., Some boys *repair* a bathroom.,Laying tile is also a form of work or a repair., Two boys *laying* *tile* in a bathroom., Some boys repair a bathroom.,['laying tile'],['repair'],['laying tile'],['repair'],['laying tile'],[],classification,"1,2,3"
9493,9493,8034142456.jpg#4r1e,entailment,Golfer celebrates after a shot he has made.,An athlete has just made a shot with his golf club.,A golfer is the same as an athlete., *Golfer* celebrates after a shot he has made., An *athlete* has just made a shot with his golf club.,A golfer is a kind of athlete., *Golfer* celebrates after a shot he has made., An *athlete* has just made a shot with his golf club.,A golfer is a type of athlete., *Golfer* celebrates after a shot he has made., An *athlete* has just made a shot with his golf club.,['Golfer'],['athlete'],['Golfer'],['athlete'],['Golfer'],['athlete'],classification,"2,3"
9549,9549,3439982121.jpg#4r1e,entailment,A woman huge a fluffy white dog.,The dog is embraced by the woman,A woman hugging a white dog is the same as dog embraced by the woman., A *woman* huge a *fluffy* *white* *dog.*, The *dog* is *embraced* by the *woman*,"Fluffy white dog is a type of dog, and huge means embraced.", A woman *huge* a *fluffy* *white* *dog.*, The *dog* is *embraced* by the woman,A hug is a form of being embraced., A woman *huge* a fluffy white dog., The dog is *embraced* by the woman,"['woman', 'fluffy white dog']","['dog', 'embraced', 'woman']","['huge', 'fluffy white dog']","['dog', 'embraced']",['huge'],['embraced'],classification,"2,3"
